,cell_type,probe_idx,expected_gapfill
0,Kasumi1,24,TGC
1,Kasumi1,134,TTT
2,Kasumi1,45,GTC
3,Kasumi1,133,CGTT
4,Kasumi1,46,ACA
5,Kasumi1,34,TA
6,Kasumi1,70,AT
7,Kasumi1,54,CCGGC
8,Kasumi1,43,TT
9,Kasumi1,136,GGC
10,Kasumi1,82,GGGC
11,Kasumi1,84,CTTCA
12,Kasumi1,146,GGC
13,Kasumi1,42,CCTGC
14,Kasumi1,5,TT
15,Kasumi1,39,GA
16,Kasumi1,33,AGGA
17,Kasumi1,96,GC
18,Kasumi1,93,AT
19,Kasumi1,72,ATT
20,Kasumi1,106,TGC
21,Kasumi1,68,CGT
22,Kasumi1,3,AT
23,Kasumi1,57,GGC
24,Kasumi1,87,TT
25,Kasumi1,59,GT
26,Kasumi1,116,ACCT
27,Kasumi1,162,CT
28,Kasumi1,12,AC
29,Kasumi1,141,GGGTT
30,Kasumi1,75,ACGC
31,Kasumi1,48,CGAAC
32,Kasumi1,64,TGCGC
33,Kasumi1,40,CGC
34,Kasumi1,139,CC
35,Kasumi1,49,GC
36,Kasumi1,73,GT
37,Kasumi1,78,GC
38,Kasumi1,22,GT
39,Kasumi1,8,GATA
40,Kasumi1,122,GACAC
41,Kasumi1,144,CGGC
42,Kasumi1,94,GAT
43,Kasumi1,152,AT
44,Kasumi1,18,TCC
45,Kasumi1,41,TCCTC
46,Kasumi1,44,TGGGC
47,Kasumi1,9,GC
48,Kasumi1,6,CGGA
49,Kasumi1,32,ATC
50,Kasumi1,166,ACGC
51,Kasumi1,37,GGCC
52,Kasumi1,62,CT
53,Kasumi1,4,TACCT
54,Kasumi1,11,AGGC
55,Kasumi1,25,AT
56,Kasumi1,148,GGC
57,Kasumi1,89,AACAT
58,Kasumi1,127,TGGT
59,Kasumi1,101,ACGAC
60,Kasumi1,97,GT
61,Kasumi1,14,CT
62,Kasumi1,15,AGT
63,Kasumi1,130,TGC
64,Kasumi1,169,CCC
65,Kasumi1,20,CGAT
66,Kasumi1,1,TT
67,Kasumi1,85,AA
68,Kasumi1,26,GC
69,Kasumi1,119,GC
70,Kasumi1,143,TGAC
71,Kasumi1,120,CGC
72,Kasumi1,92,CC
73,Kasumi1,36,TTTT
74,Kasumi1,95,TGT
75,Kasumi1,100,TGGC
76,Kasumi1,137,CGAA
77,Kasumi1,77,AT
78,Kasumi1,103,TT
79,Kasumi1,35,CAT
80,Kasumi1,23,GGAAC
81,Kasumi1,91,TGGC
82,Kasumi1,30,GT
83,Kasumi1,154,TT
84,Kasumi1,140,GT
85,Kasumi1,155,GGT
86,Kasumi1,126,ATCA
87,Kasumi1,2,CA
88,Kasumi1,83,GA
89,Kasumi1,60,CT
90,Kasumi1,135,CT
91,Kasumi1,65,AATGA
92,Kasumi1,7,GA
93,Kasumi1,156,GGAC
94,Kasumi1,53,GT
95,Kasumi1,13,CCT
96,Kasumi1,165,ATGC
97,Kasumi1,113,AT
98,Kasumi1,145,GC
99,Kasumi1,88,AA
100,Kasumi1,147,CT
101,Kasumi1,131,TGT
102,Kasumi1,58,CT
103,Kasumi1,79,CAT
104,Kasumi1,10,GAT
105,Kasumi1,16,TA
106,Kasumi1,61,CT
107,Kasumi1,38,AACGT
108,Kasumi1,104,GT
109,Kasumi1,99,GGC
110,Kasumi1,63,TGC
111,Kasumi1,157,TC
112,Kasumi1,86,CGTC
113,Kasumi1,168,CAC
114,Kasumi1,51,GCGC
115,Kasumi1,21,CGC
116,Kasumi1,114,TT
117,Kasumi1,115,ACA
118,Kasumi1,161,GCC
119,Kasumi1,123,GCT
120,Kasumi1,28,CA
121,Set2,134,TTT
122,Set2,45,GTC
123,Set2,159,CGGA
124,Set2,111,GGC
125,Set2,133,CGTT
126,Set2,46,ACA
127,Set2,34,TA
128,Set2,110,TGT
129,Set2,124,TC
130,Set2,54,CCGGC
131,Set2,43,TT
132,Set2,136,GGC
133,Set2,55,GT
134,Set2,19,TGT
135,Set2,82,GGGC
136,Set2,84,CTTCA
137,Set2,146,GGC
138,Set2,42,CCTGC
139,Set2,5,TT
140,Set2,39,GA
141,Set2,33,AGGA
142,Set2,96,GC
143,Set2,74,CT
144,Set2,72,ATT
145,Set2,68,CGT
146,Set2,3,AT
147,Set2,57,GGC
148,Set2,87,TT
149,Set2,59,GT
150,Set2,116,ACCT
151,Set2,162,TT
152,Set2,141,GGGTT
153,Set2,75,ACGC
154,Set2,48,CGAAC
155,Set2,64,TGCGC
156,Set2,40,CGC
157,Set2,117,TGC
158,Set2,139,CC
159,Set2,49,GC
160,Set2,27,AATC
161,Set2,73,GT
162,Set2,78,GC
163,Set2,52,AT
164,Set2,8,GATA
165,Set2,122,GACAC
166,Set2,144,CGGC
167,Set2,94,GAT
168,Set2,152,AT
169,Set2,18,TCC
170,Set2,41,TCCTC
171,Set2,44,TGGGC
172,Set2,9,GC
173,Set2,138,AGC
174,Set2,6,CGGA
175,Set2,32,ATC
176,Set2,166,ACGC
177,Set2,37,GGCC
178,Set2,62,CT
179,Set2,4,TACCT
180,Set2,11,AGGC
181,Set2,25,AT
182,Set2,148,GGC
183,Set2,127,CGGT
184,Set2,14,CT
185,Set2,17,CGGC
186,Set2,15,AGT
187,Set2,130,TGC
188,Set2,169,CCC
189,Set2,20,CGAT
190,Set2,1,TT
191,Set2,85,GA
192,Set2,26,GC
193,Set2,119,GC
194,Set2,143,TGAC
195,Set2,120,CAC
196,Set2,36,TTTT
197,Set2,118,GT
198,Set2,137,CGAA
199,Set2,77,AT
200,Set2,109,CC
201,Set2,76,GGC
202,Set2,23,GGAAC
203,Set2,30,GT
204,Set2,154,TT
205,Set2,140,GT
206,Set2,155,GGT
207,Set2,31,TT
209,Set2,121,GGAAT
210,Set2,2,CA
211,Set2,83,TA
212,Set2,60,CT
213,Set2,135,CT
214,Set2,7,GA
215,Set2,156,GGAC
216,Set2,53,GT
217,Set2,13,CCT
218,Set2,160,TGGGT
219,Set2,113,GT
220,Set2,145,GC
221,Set2,80,CT
222,Set2,147,CT
223,Set2,58,CT
224,Set2,10,GAT
225,Set2,108,CCGC
226,Set2,16,TA
227,Set2,61,CT
228,Set2,38,AACGT
229,Set2,104,GT
230,Set2,99,GGC
231,Set2,63,TGC
232,Set2,157,TC
233,Set2,86,CGTC
234,Set2,51,GCGC
235,Set2,21,CGC
236,Set2,114,CT
237,Set2,115,ATA
238,Set2,161,GCC
239,Set2,123,GCT
240,Set2,28,CA
241,UKE1,134,TTT
242,UKE1,159,CGGA
243,UKE1,133,CGTT
244,UKE1,46,ACA
245,UKE1,129,GGGC
246,UKE1,34,TA
247,UKE1,153,AT
248,UKE1,54,CCGGC
249,UKE1,43,TT
250,UKE1,136,GGC
251,UKE1,55,GT
252,UKE1,19,TGT
253,UKE1,81,CGT
254,UKE1,82,GGGC
255,UKE1,84,CTTCA
256,UKE1,42,CCTGC
257,UKE1,39,GA
258,UKE1,33,AGGA
259,UKE1,96,GC
260,UKE1,72,ATT
261,UKE1,106,TGC
262,UKE1,68,CGT
263,UKE1,3,AT
264,UKE1,57,GGC
265,UKE1,87,TT
266,UKE1,59,GT
267,UKE1,116,GCCT
268,UKE1,12,AC
269,UKE1,141,GGGTT
270,UKE1,75,ACGC
271,UKE1,48,CGAAC
272,UKE1,64,TGCGC
273,UKE1,117,TGC
274,UKE1,139,CC
275,UKE1,49,GC
276,UKE1,27,AATC
277,UKE1,73,GT
278,UKE1,78,AC
279,UKE1,52,AT
280,UKE1,8,GATA
281,UKE1,144,CGGC
282,UKE1,94,GAT
283,UKE1,152,AT
284,UKE1,18,TCC
285,UKE1,41,TCCTC
286,UKE1,44,TGGGC
287,UKE1,9,GC
288,UKE1,138,AGC
289,UKE1,6,CGGA
290,UKE1,62,CT
291,UKE1,4,TACCT
292,UKE1,11,AGGC
293,UKE1,89,GACAT
294,UKE1,127,TGGT
295,UKE1,101,ACGAC
296,UKE1,14,CT
297,UKE1,15,AGT
298,UKE1,130,TGC
299,UKE1,169,CCC
300,UKE1,20,CGAT
301,UKE1,1,TT
302,UKE1,26,GC
303,UKE1,120,CGC
304,UKE1,149,CT
305,UKE1,92,CC
306,UKE1,36,TTTT
307,UKE1,95,AGT
308,UKE1,100,TGGC
309,UKE1,118,AT
310,UKE1,137,CGAA
311,UKE1,103,CT
312,UKE1,76,GGC
313,UKE1,102,CA
314,UKE1,91,TGGC
315,UKE1,142,AGT
316,UKE1,30,GT
317,UKE1,154,TT
318,UKE1,140,GT
319,UKE1,155,GGT
320,UKE1,126,ATCA
321,UKE1,121,AGAAT
322,UKE1,2,CA
323,UKE1,60,CT
324,UKE1,135,CT
325,UKE1,7,GA
326,UKE1,156,GGAC
327,UKE1,53,GT
328,UKE1,13,CCT
329,UKE1,160,TGGGT
330,UKE1,113,AT
331,UKE1,145,GC
332,UKE1,80,CT
333,UKE1,107,CTGC
334,UKE1,88,AA
335,UKE1,147,CT
336,UKE1,131,TGT
337,UKE1,58,CT
338,UKE1,79,AAT
339,UKE1,10,GAT
340,UKE1,108,CTGC
341,UKE1,16,TA
342,UKE1,47,ACGC
343,UKE1,61,CT
344,UKE1,38,AACGT
345,UKE1,125,CGCT
346,UKE1,104,GT
347,UKE1,99,GGC
348,UKE1,63,TGC
349,UKE1,157,TC
350,UKE1,86,CGTC
351,UKE1,51,GCGC
352,UKE1,114,TT
353,UKE1,115,ACA
354,UKE1,161,GCC
355,UKE1,123,ACT
356,UKE1,28,CA
357,UKE1,168,AAC
