,name,genotype,allele_call,count,correct
0,XPO1 c.1711G>A,wt,ref,245145,True
1,U2AF1 c.101C>*,wt,ref,233351,True
2,CTNNB1 c.122C>T,wt,ref,211873,True
3,SF3B1 c.2098A>G,wt,ref,129827,True
4,NRAS c.181C>A,wt,ref,96812,True
5,SF3B1 c.1998G>T,wt,ref,91939,True
6,COPG1 c.663T>C,wt,ref,80242,True
7,SPN c.879C>T,mutated,alt,76161,True
8,PTEN c.388C>*,wt,ref,74235,True
9,SBNO1 c.627G>A,wt,ref,72393,True
10,MDN1 c.2603C>T,wt,ref,69857,True
11,BCR-ABL,mutated,alt,67315,True
12,NRAS c.34G>T,wt,ref,65262,True
13,SPN c.879C>T,wt,ref,61030,True
14,BRD9 c.66G>A,wt,ref,59710,True
15,USP24 c.4029A>G,wt,ref,50603,True
16,ERAP1 c.1540G>A,wt,ref,44112,True
17,INPPL1 c.209G>A,wt,ref,40698,True
18,GNAS c.602G>A,wt,ref,40351,True
19,PIK3CA c.1357G>*,wt,ref,39717,True
20,MSH6 c.1168G>A,wt,ref,39638,True
21,MCM10 c.2003A>G,wt,ref,39442,True
22,PIK3CA c.3141T>A,wt,ref,37198,True
23,KRAS c.183A>C,wt,ref,36959,True
24,PLCB3 c.707A>G,wt,ref,36336,True
25,TP53 c.405insC,wt,ref,34176,True
26,PIK3CA c.1636C>A,wt,ref,32840,True
27,IDH2 c.515G>A,wt,ref,31936,True
28,KMT2C c.8685G>A,wt,alt,31792,False
29,PIK3CA c.2908G>A,wt,ref,31716,True
30,SETD5 c.4131C>T,wt,ref,31518,True
31,TTF2 c.382G>A,wt,ref,30389,True
32,SMAD4 c.1082G>A,wt,ref,30128,True
33,MADD c.1440T>C,wt,ref,29927,True
34,SF3B1 c.1873C>T,wt,ref,29549,True
35,PTEN c.697C>T,wt,ref,29381,True
36,PIK3CA c.2176G>A,wt,ref,28293,True
37,GLB1 c.1824G>C,wt,ref,27875,True
38,SPN c.879C>T,wt,alt,27828,False
39,TP53 c.916C>T,wt,ref,27573,True
40,PIK3CA c.1035T>A,wt,ref,27453,True
41,MKI67 c.8158A>C,wt,ref,26996,True
42,SPN c.879C>T,mutated,ref,26678,False
43,BRAF c.1799T>A,wt,ref,25826,True
44,MGA c.3808T>C,wt,ref,25551,True
45,PIK3CA c.1258T>C,wt,ref,25015,True
46,SETD5 c.4131C>T,mutated,alt,23242,True
47,ANO10 c.799A>G,wt,ref,22897,True
48,SF3B1 c.2098A>G,wt,alt,22405,False
49,HTT c.8157G>A,wt,ref,20784,True
50,PIK3CA c.353G>A,wt,ref,18631,True
51,TP53 c.817C>*,wt,ref,17995,True
52,TBC1D13 c.66A>G,wt,ref,17613,True
53,APC c.2626C>T,wt,ref,17330,True
54,SLC39A11 c.168T>C,wt,ref,16620,True
55,KIF20B c.4945A>G,wt,ref,15673,True
56,TP53 c.742C>T,wt,ref,15502,True
57,JAK2 c.1849G>T,mutated,alt,15343,True
58,COPG1 c.663T>C,wt,alt,15104,False
59,APC c.646C>T,wt,ref,14749,True
60,TP53 c.1024C>T,wt,ref,14520,True
61,XPO1 c.1711G>A,wt,alt,14340,False
62,SACS c.7497C>T,wt,ref,14163,True
63,MFSD12 c.1202G>T,wt,ref,13319,True
64,BCR-ABL,wt,ref,13293,True
65,NCBP1 c.1428G>A,wt,ref,12642,True
66,LATS1 c.1591C>T,wt,ref,12441,True
67,APC c.4348C>T,wt,alt,12415,False
68,QSOX2 c.376A>G,wt,ref,11958,True
69,ARFGEF2 c.1294A>G,wt,ref,11711,True
70,AKAP9 c.1389G>T,wt,ref,11503,True
71,CEP350 c.4336A>G,wt,ref,10847,True
72,APC c.3340C>T,wt,ref,10594,True
73,RNF216 c.1896G>A,wt,ref,10174,True
74,MSH6 c.1168G>A,wt,alt,9617,False
75,KIF20B c.4945A>G,mutated,alt,9243,True
76,ARID4A c.2760A>G,wt,ref,9019,True
77,RNF216 c.1896G>A,wt,alt,8564,False
78,TP53 c.742C>T,mutated,alt,8373,True
79,TAF1B c.1386G>T,mutated,alt,8067,True
80,MGA c.3808T>C,wt,alt,7813,False
81,TP53 c.916C>T,wt,alt,7701,False
82,SF3B1 c.1998G>T,wt,alt,7254,False
83,LMTK2 c.3852A>G,wt,ref,7148,True
84,MKI67 c.8158A>C,mutated,alt,6965,True
85,GNAS c.602G>A,wt,alt,6496,False
86,QSOX2 c.376A>G,mutated,alt,6203,True
87,TP53 c.328C>T,wt,ref,5511,True
88,MADD c.1440T>C,wt,alt,5481,False
89,SMAD4 c.1082G>A,wt,alt,5419,False
90,SACS c.7497C>T,mutated,alt,4882,True
91,SLC39A11 c.168T>C,wt,alt,4766,False
92,ANO10 c.799A>G,wt,alt,4764,False
93,KRAS c.34G>T,wt,ref,4644,True
94,QSOX2 c.376A>G,wt,alt,4620,False
95,TTC19 c.573G>A,wt,ref,4602,True
96,NCBP1 c.1428G>A,mutated,alt,4393,True
97,MON1A c.501T>C,wt,ref,4308,True
98,MCM10 c.2003A>G,wt,alt,4242,False
99,ZNF609 c.2601C>T,wt,ref,4199,True
100,FMR1 c.414G>A,wt,ref,4071,True
101,HTT c.8157G>A,mutated,alt,3145,True
102,HTT c.8157G>A,mutated,ref,2860,False
103,ERAP1 c.1540G>A,wt,alt,2814,False
104,MDN1 c.2603C>T,wt,alt,2673,False
105,BRD9 c.66G>A,wt,alt,2607,False
106,KIF20B c.4945A>G,mutated,ref,2536,False
107,AKAP9 c.1389G>T,mutated,alt,2398,True
108,INPPL1 c.209G>A,wt,alt,2357,False
109,SETD5 c.4131C>T,wt,alt,2216,False
110,SLC23A2 c.1417G>A,wt,alt,2128,False
111,ERBB2 c.2264T>C,wt,ref,2082,True
112,HTT c.8157G>A,wt,alt,2023,False
113,PIK3CA c.263G>A,wt,ref,1935,True
114,CTNNB1 c.122C>T,wt,alt,1922,False
115,TP53 c.1024C>T,wt,alt,1733,False
116,BCR-ABL,mutated,ref,1692,False
117,CEP350 c.4336A>G,wt,alt,1583,False
118,ARFGEF2 c.1294A>G,wt,alt,1568,False
119,CEP350 c.4336A>G,mutated,alt,1222,True
120,TP53 c.742C>T,mutated,ref,1146,False
121,SETD5 c.4131C>T,mutated,ref,1058,False
122,JAK2 c.1849G>T,wt,ref,1045,True
123,PARP9 c.1444A>G,wt,ref,1041,True
124,FGFR3 c.746C>G,wt,ref,1020,True
125,TP53 c.742C>T,wt,alt,1017,False
126,TP53 c.405insC,mutated,alt,1007,True
127,ERBB2 c.2033G>A,wt,ref,962,True
128,LMTK2 c.3852A>G,mutated,alt,870,True
129,IDH2 c.515G>A,wt,alt,800,False
130,TTF2 c.382G>A,wt,alt,710,False
131,PIK3CA c.2908G>A,wt,alt,700,False
132,BCR-ABL,wt,alt,696,False
133,TTC19 c.573G>A,wt,alt,686,False
134,USP24 c.4029A>G,wt,alt,683,False
135,FBXW7 c.1393C>T,wt,ref,654,True
136,PIK3CA c.2176G>A,wt,alt,648,False
137,SBNO1 c.627G>A,wt,alt,632,False
138,QSOX2 c.376A>G,mutated,ref,606,False
139,TP53 c.328C>T,wt,alt,596,False
140,APC c.3340C>T,wt,alt,567,False
141,TBC1D13 c.66A>G,wt,alt,563,False
142,TRAPPC11 c.2370C>T,wt,ref,554,True
143,ARID4A c.2760A>G,wt,alt,539,False
144,AKAP9 c.1389G>T,wt,alt,433,False
145,SLC23A2 c.1417G>A,wt,ref,429,True
146,LMTK2 c.3852A>G,wt,alt,413,False
147,NRAS c.181C>A,wt,alt,383,False
148,SF3B1 c.1873C>T,wt,alt,351,False
149,PIK3CA c.1258T>C,wt,alt,346,False
150,SACS c.7497C>T,mutated,ref,336,False
151,KIF20B c.4945A>G,wt,alt,336,False
152,LATS1 c.1591C>T,wt,alt,334,False
153,JAK2 c.1849G>T,mutated,ref,318,False
154,COX10 c.682C>T,wt,ref,305,True
155,APC c.646C>T,wt,alt,304,False
156,BRAF c.1799T>A,wt,alt,277,False
157,TP53 c.405insC,mutated,ref,229,False
158,CCDC88C c.3372G>A,wt,ref,221,True
159,NCBP1 c.1428G>A,wt,alt,217,False
160,MKI67 c.8158A>C,wt,alt,207,False
161,AKAP9 c.1389G>T,mutated,ref,196,False
162,MKI67 c.8158A>C,mutated,ref,183,False
163,LMTK2 c.3852A>G,mutated,ref,179,False
164,FMR1 c.414G>A,wt,alt,174,False
165,PTEN c.697C>T,wt,alt,170,False
166,PARP9 c.1444A>G,wt,alt,170,False
167,SACS c.7497C>T,wt,alt,167,False
168,MFSD12 c.1202G>T,wt,alt,156,False
169,JAK2 c.1849G>T,wt,alt,131,False
170,TAF1B c.1386G>T,mutated,ref,125,False
171,FBXW7 c.1393C>T,wt,alt,111,False
172,PIK3CA c.1035T>A,wt,alt,111,False
173,ZNF609 c.2601C>T,wt,alt,89,False
174,APC c.2626C>T,wt,alt,86,False
175,PIK3CA c.3141T>A,wt,alt,83,False
176,CEP350 c.4336A>G,mutated,ref,73,False
177,MON1A c.501T>C,wt,alt,69,False
178,ERBB2 c.2264T>C,wt,alt,68,False
179,NCBP1 c.1428G>A,mutated,ref,66,False
180,NRAS c.34G>T,wt,alt,49,False
181,PIK3CA c.263G>A,wt,alt,45,False
182,KRAS c.183A>C,wt,alt,45,False
183,GLB1 c.1824G>C,wt,alt,42,False
184,PIK3CA c.1636C>A,wt,alt,38,False
185,PLCB3 c.707A>G,wt,alt,34,False
186,ERBB2 c.2033G>A,wt,alt,31,False
187,PIK3CA c.353G>A,wt,alt,26,False
188,TP53 c.405insC,wt,alt,21,False
189,ZKSCAN5 c.1566A>G,wt,alt,20,False
190,KRAS c.34G>T,wt,alt,6,False
191,CCDC88C c.3372G>A,wt,alt,5,False
192,TRAPPC11 c.2370C>T,wt,alt,4,False
193,COX10 c.682C>T,wt,alt,4,False
194,ZKSCAN5 c.1566A>G,wt,ref,1,True
195,FGFR3 c.746C>G,wt,alt,1,False
196,KMT2C c.8685G>A,wt,ref,1,True
