	name	lhs_probe	rhs_probe	gap_probe_sequence	gene	index	gapfill_from_transcriptome	gapfill_start	gapfill_end	gapfill_from_genome	overlaps_within_set	overlaps_with_flex
0	AXL c.1103G>A	GGGTGTCCTGGCCTTGATACGCCAG	ACCCTAACAGGGTACCCTGCAGGGG	CTGGT	AXL	0	CCGGT	1100	1104	CCGGT	1	0
1	CARD11 c.2149G>A	ACTCTGCCTCTCGCCTCGGATGCAG	TCTAGCAGCAGCAGCTGGTGGCCCT	CTT	CARD11	1	CCT	2148	2150	not_found	1	0
2	EGFR c.1889_1894delinsTAGGAT	CCCATTCGTTGGACAGCCTTCAAGA	AGTGCATCCGTAGGTGCAGTTTGGA	CATCCTAC	EGFR	2	CCTGGCCC	1888	1895	not_found	1	0
3	EGFR c.685A>T	AGCACACTGGTTGTGGCAGCAGTCA	GGGACTTGCCACGGCAGCGCCCGGA	CAGG	EGFR	3	CTGG	683	686	CTGG	1	0
4	IDH1 c.395G>A	CTCTGTATTGATCCCCATAAGCATG	CCTATGATGATAGGTTTTACCCATC	ATGA	IDH1	4	ACGA	393	396	not_found	1	0
5	TP53 c.584T>C	CACACGCAAATTTCCTTCCACTCGG	AAGATGCTGAGGAGGGGCCAGACCA	GT	TP53	5	AT	583	584	not_found	2	1
6	CIC c.3583G>A	TGCAGGGCCAGGCCGCCCAGAGGCA	GCCTCAAAGGACCCCACGGGAATGC	CTT	CIC	6	CCT	3582	3584	CCT	1	0
7	EZH2 c.1011G>T	CCTGCTTCCCTATCACTGTCTGTAT	TGATTCCAGCACATTAATGGTGGGG	CATT	EZH2	7	CCTT	1009	1012	CCTT	1	1
8	KEAP1 c.1165G>A	GTTGTAACAGTCCAGGGCGCTGGAG	GTTGCCGTCGGGCGAGTTGTTCCTG	TTGGT	KEAP1	8	TCGGT	1162	1166	TCGGT	1	0
9	MET c.1969C>T	TTTCGGCGAAATACTTGTTATTACA	TCCACATAGGAGAATGTACTGTATT	GAA	MET	9	GGA	1968	1970	not_found	1	0
10	NTRK3 c.740G>C	TCTGGTGAGTGTTGATGGACTGCAG	GACTATCCAGTCCACATCAGGAAGG	CGCAGT	NTRK3	10	CCCAGT	736	741	not_found	1	0
11	PAK7 c.235G>A	CTCTAGCAGGCCGTTGATGGAGGTT	TGCAGGGTTTGTTTCCTCTAACGAT	TTCT	PAK7	11	TCCT	233	236	TCCT	1	0
12	PRDM1 c.626A>C	TTGTCAGCTCTCCGGGATAAGGGTA	AGCCTTTCTGCAAAGTCCCGACAAT	GGGA	PRDM1	12	GTGA	624	627	GTGA	1	0
13	MAPKAP1 c.230A>T	TGTTTGAGCGTCTTCTAATACCAAA	AACTTGAGGTAATATCGACTGACTG	GACCC	MAPKAP1	13	GTCCC	227	231	GTCCC	1	0
14	IRS2 c.86A>G	GCAGGTAGCCGCACTTGCGCACGCT	GTTGTTGTTGTTGTTGTTGTTGAGG	GCGGTT	IRS2	14	GTGGTT	82	87	GTGGTT	1	0
15	TP53 c.817C>T	GTCTCTCCCAGGACAGGCACAAACA	CCTCAAAGCTGTTCCGTCCCAGTAG	CACA	TP53	15	CGCA	815	818	CGCA	2	0
16	FLT1 c.1965C>G	AGGAGGTATGGTGCTTCCTGATCTC	TGTAATTTCTTTCTTCTGGAGGATT	TCAT	FLT1	16	TGAT	1963	1966	not_found	1	0
17	ATRX c.4464_4471delACTGAGAA	TTCCTTAAGAGCATTTTGTGTTTCT	TCATCTTTAAGAATCTTCCGAATTT	GTTA	ATRX	17	GTTCTCAGTTTA	4461	4472	GTTCTCAGTTTA	1	0
18	INHBA c.449T>C	AGGAAGAGCCAGACTTCTGCACGCT	ACTGACAGGTCACTGCCTTCCTTGG	CCGCC	INHBA	18	CCACC	447	451	CCACC	2	0
19	TP53 c.743G>A	GTGTGATGATGGTGAGGATGGGCCT	TCATGCCGCCCATGCAGGAACTGTT	CTGGT	TP53	19	CCGGT	740	744	CCGGT	2	0
20	EPHA5 c.1037A>G	TGCATGCCATTGTGGGTGGATCAGA	CTCCTGAAATAATCCTTTTCACAGA	CCCT	EPHA5	20	CTCT	1035	1038	CTCT	1	0
21	EGFR c.866C>T	TACGGGGACACTTCTTCACGCAGGT	ACCAAAGCTGTATTTGCCCTCGGGG	GAC	EGFR	21	GGC	865	867	not_found	1	0
22	EGFR c.1793G>T	CCAGGGTGTTGTTTTCTCCCATGAC	TGCCGGGCAGGTCTTGACGCAGTGG	TAC	EGFR	22	TCC	1792	1794	TCC	1	0
23	EGFR c.323G>A	AGGAATTTTCGTAGTACATATTTCC	GATGATCTGCAGGTTTTCCAAAGGA	TTT	EGFR	23	TCT	322	324	TCT	1	0
24	TP53 c.524G>A	TATCTGAGCAGCGCTCATGGTGGGG	CCTCACAACCTCCGTCATGTGCTGT	GCAGTG	TP53	24	GCAGCG	523	528	GCAGCG	2	1
25	PTEN c.388C>T	ATATGCACATATCATTACACCAGTT	CCCTTTCCAGCTTTACAGTGAATTG	CAT	PTEN	25	CGT	387	389	CGT	2	0
26	PIK3CA c.1633G>A	ACTCCATAGAAAATCTTTCTCCTGC	GATTTCAGAGAGAGGATCTCGTGTA	TTAGT	PIK3CA	26	TCAGT	1630	1634	TCAGT	2	0
27	BRAF c.1799T>A	GATGGGACCCACTCCATCGAGATTT	GTAGCTAGACCAAAATCACCTATTT	CTCT	BRAF	27	CACT	1797	1800	CACT	1	0
28	PIK3R1 c.1126G>A	CGATGAAATATTTTGATTAATTTGT	TTTCCTTAGTGTAAGAGTATAATCA	TATTTCTCCC	PIK3R1	28	TATTTCCCCC	1123	1132	not_found	1	0
29	PIK3CA c.263G>A	GTTGAAAAAGCCGAAGGTCACAAAG	CTTGTTTCATCAAAAAATTCTTCCC	TTGT	PIK3CA	29	TCGT	261	264	TCGT	1	0
30	PIK3CA c.3140A>G	TCCATTTTTGTTGTCCAGCCACCAT	GCATCATTCATTTGTTTCATGAAAT	GACGT	PIK3CA	30	GATGT	3138	3142	GATGT	1	0
31	PIK3CA c.353G>A	CACACACTGGCATGCCGATAGCAAA	CTCGATTGAGGATCTTTTCTTCACG	ATCAATTT	PIK3CA	31	ACCAATTT	347	354	ACCTTTAATAAAATTACATA...	1	0
32	NF1_0 c.3739_3742del	CAGTTGGTAGAGTAAATGCCGAGAA	AGAGTAACCAGAACTCGAGCTAGTT	TC	NF1	32	TCAAAC	3738	3743	TCAAAC	2	0
33	PTEN c.517C>T	CAGGTAGCTATAATAATACACATAG	TCTGACTGGGAATAGTTACTCCCTT	CACC	PTEN	33	CGCC	515	518	not_found	1	0
34	PTPN11 c.226G>A	ATGTTCCATGTAATACTGGACCAAC	AAAGTGGCAAATTTCTCCCCTCCAT	TTAGCC	PTPN11	34	TCAGCC	222	227	TCAGCC	1	0
35	NF1_0 c.6789_6792del	GTAGCTTCTATCAGAACTTGACTGT	GTCAGGTCCTTTTAAGCAACTCTCA	TGT	NF1	35	TGTAAGT	6787	6793	TGTAAGT	1	0
36	PTEN c.955_958del	TGCTTTGTCAAGATCATTTTTTGTT	ACTAGATATTCCTTGTCATTATCTG	AAAGT	PTEN	36	AAAGTAAGT	951	959	AAAGTAAGT	1	0
37	TP53 c.1024C>T	GAGTTCCAAGGCCTCATTCAGCTCT	AACATCTCGAAGCGCTCACGCCCAC	CAG	TP53	37	CGG	1023	1025	CGG	2	0
38	MSH6 c.3656C>T	TGCTATTGCCGTCCCATCAAATGTT	ACCTCTTCCTAATTCATCCACAAGC	GCAAT	MSH6	38	GCAGT	3655	3659	not_found	1	0
39	PTEN c.697C>T_0	CAAAGTACATGAACTTGTCTTCCCG	GTGGGTCCTGAATTGGAGGAATATA	TCAT	PTEN	39	TCGT	696	699	TCGT	2	0
40	TP53 c.455C>T	TGGCCATGGCGCGGACGCGGGTGCC	GGGTGTGGAATCAACCCACAGCTGC	GGGCAG	TP53	40	GGGCGG	454	459	GGGCGG	2	1
41	EGFR c.185T>G	GCACATAGGTAATTTCCAAATTCCC	ACCTCACAGTTATTGAACATCCTCT	ACGGACC	EGFR	41	AAGGACC	180	186	AAGGACC	1	0
42	PTEN c.227_228del	ACTCTGCAATTAAATTTGGCGGTGT	GTCTTTCAGCACAAAGATTGTATAT	CAAT	PTEN	42	CATAAT	224	229	not_found	1	0
43	TP53 c.659A>G	GTCAGAGCCAACCTCAGGCGGCTCA	GGGCACCACCACACTATGTCGAAAA	CA	TP53	43	TA	658	659	not_found	1	1
44	EGFR c.754C>T	CACGTGGCTTCGTCTCGGAATTTGC	AGACCAGGCAGTCGCTCTCCCGGGG	AGC	EGFR	44	GGC	752	754	not_found	1	1
45	H3F3A c.103G>A	CCTGTAACGATGAGGTTTCTTCACC	CCAGTAGAGGGCGCACTCTTGCGAG	CTT	H3F3A	45	CCT	102	104	CCT	1	0
46	NF1_0 c.3822_3823del	TTTTACTGGCCAAGCTGTTGCCTCG	GAGTCTGCATGGAGTCTGCCAATTC	GAA	NF1	46	GAAGA	3821	3825	GAAGA	2	0
47	CDKN2A c.238C>T	CTCCCGGGCAGCGTCGTGCACGGGT	GAGAGTGGCGGGGTCGGCGCAGTTG	CAGGT	CDKN2A	47	CGGGT	235	239	CGGGT	2	0
48	TP53 c.916C>T	GGAGCTGGTGTTGTTGGGCAGTGCT	TTAGTGCTCCCTGGGGGCAGCTCGT	CAC	TP53	48	CGC	915	917	AGGAAAGAGGCAAGGAAAGG...	1	0
49	FANCA c.3482C>T	CAGAGGTCAAAATTAAGGGGCATTT	TGGCACTTGGCCAGTATGAAGTCGA	CATC	FANCA	49	CGTC	3480	3483	CGTC	1	0
50	MYCN c.131C>T	ACTTCTTCCAGATGTCCTCCCCCGG	CGAGTCGGGGCCGCCGAAGTAGAAG	GAGGGT	MYCN	50	GGGGGT	127	132	GGGGGT	1	0
51	FGFR1 c.1731C>A	CCATCCTGCGTGCAGGCCCCCAGCA	GATGATATTCTTATGCTTCCCGATC	GTTT	FGFR1	51	GGTT	[1630, 1636, 1369, 1606, 1363]	[1633, 1639, 1372, 1609, 1366]	GGTT	1	0
52	EGFR c.2156G>C	TATACACCGTGCCGAACGCACCGGA	AGCACTTTGATCTTTTTGAATTCAG	GGCC	EGFR	52	GCCC	2154	2157	GCCC	1	0
53	SF3B1 c.1781G>A	CCTTTGCCAAATTAGAAATGATCTC	TTCCACTCTAGCATAGTAATCTTCA	TTGGCC	SF3B1	53	TCGGCC	1777	1782	TCGGCC	1	0
54	NF1_0 c.5242C>T	GACTGATTGCCCTAGGACTTTTGTT	CTGCTGAAGTTACTTGGACAGCAGT	CACT	NF1	54	CGCT	5240	5243	CGCT	1	0
55	NF1_0 c.4537C>T	AAGTGTTGCCATCTTATCAAAAGGT	TTCCAACAGCTTTATGATCCCTGTT	CATC	NF1	55	CGTC	4535	4538	not_found	1	0
56	APC c.3920T>A	GCTGACCTAGTTCCAATCTTTTCTT	TTCTGCTATTTGCAGGGTATTAGCA	TTTT	APC	56	TTAT	3919	3922	TTAT	1	0
57	NF1_0 c.7846C>T	CCTCTGCTAAGTATTCATAAAGAAT	TGATCAAACTCATCTGTGGTATATT	TCAT	NF1	57	TCGT	7845	7848	TCGT	1	0
58	PDGFRA c.685G>A	TAAAAACAGCACAGGTGACCACAAT	CCTGACTTATACACGGTTTTAAGAG	CGTTTTC	PDGFRA	58	CGTTTCC	684	690	CGTTTCC	1	0
59	PTEN c.103A>G	TTCAAGTCTTTCTGCAGGAAATCCC	GCAATAATGTTTGGATAAATATAGG	ACA	PTEN	59	ATA	102	104	not_found	1	0
60	PTPN11 c.1492C>T	TCTGGACCATCCCTGACCTCTGAGA	ACCATCTGGATGGTTTTGGGAACGT	CCAC	PTPN11	60	CCGC	1491	1494	CCGC	1	0
61	FAT1 c.5285C>T	TATATTCTGCCTGCATAAAAACTGG	TGTCATTCTCATCCTGCAAGTGAAC	CACGT	FAT1	61	CGCGT	5282	5286	CGCGT	1	0
62	EGFR c.2320G>A	TGAGGCAGATGCCCAGCAGGCGGCA	GGGGGTTGTCCACGCTGGCCATCAC	CATGT	EGFR	62	CACGT	2318	2322	CACGT	1	0
63	PTEN c.830C>T	TTTCCTCTGGTCCTGGTATGAAGAA	TACCCAAAAGTGAAACATTTTGTCC	TATATT	PTEN	63	TGTATT	826	831	TGTATT	1	0
64	RB1 c.772_776del	CTAGTTGTTTTGCTATCCGTGCACT	GACCTCGCCTGGGTGTTCGAGGTGA	CCT	RB1	64	CCTGTTCT	770	777	CCTGTTCT	1	0
65	ATM c.4049C>T	CACTAGAATTTGCTGGCTCATGTAA	ATCAATAACTCCACCACAATCTCTG	CATC	ATM	65	CGTC	4047	4050	CGTC	1	0
66	NOTCH1 c.6359G>A	GCGGGGCTCCGTGCAGCTGCGGGCT	ACCAGGTTGTACTCGTCCAGCAGCC	GTGC	NOTCH1	66	GCGC	6357	6360	GCGC	1	0
67	MAP3K13 c.1394C>T	GCTCATAGTGTTCACGAATATCCAG	ATGCCTGAGCTCTTCTCTGCGCCTT	CAC	MAP3K13	67	CGC	1393	1395	not_found	1	0
68	HRAS c.175G>A	CATGGCGCTGTACTCCTCCTGGCCG	GTATCCAGGATGTCCAACAGGCACG	GTG	HRAS	68	GCG	174	176	GCG	1	1
69	TCF7L2 c.1156C>T	TTCTCTGGACAGTGCATGCCACCTC	AAGGATCTGGTTGATGGCCGCGCTT	CACCC	TCF7L2	69	CGCCC	1153	1157	not_found	1	0
70	DDR2 c.1466G>A	CCCCTGGAGCAAATTCTGGGAGTTT	ATCAGCCTGGATGGCTCCTGGTAGT	TTGT	DDR2	70	TCGT	1464	1467	TCGT	1	0
71	KDM5C c.3871C>T	ATCTTCAGAGGCCAGAGCCTGCCTG	TTGCCAGCTGATGGCCCTCTCTGTG	GCGCAGCC	KDM5C	71	GCGCGGCC	3868	3875	GCGCGGCC	1	0
72	RAD50 c.1076G>A	CTCTAGCTCGGATATGTTCTTGATG	TCTGCTTGCAGCTGTAGACGACCCT	GTGA	RAD50	72	GCGA	1074	1077	not_found	1	0
73	PIK3CA c.1093G>A	GAGTGTTCACATTGTCACATAAGGG	CCTCCATGGTAGATACCTGTTCGAA	TTTT	PIK3CA	73	TTCT	1092	1095	TTCT	1	0
74	IRF4 c.1285G>A	TGGATTGCTGATGTGTTCTGGTAAA	AGCCCCTCAGGAAATGTCCACTGTT	TTGT	IRF4	74	TCGT	1283	1286	TCGT	1	0
75	ROS1 c.3857G>A	AATTGGAAACTTCTGTCCAATACAA	CTTAAAAGAGGATATACAGAAAAAG	GTGA	ROS1	75	GCGA	3855	3858	GCGACTATAGAGGAAAAAAA...	1	0
76	SUFU c.71dup	CCGGGGGAAAGAGCGAAGCGAAGGC	GGGGGCAGTCGGGCCAGGGGCCGGG	CGGG	SUFU	76	CGG	70	72	CGG	1	0
77	EP300 c.6787C>T	GGACCCCATCTGTTGCTGAAGGAGT	TGCTGATAGGCCTGTAGACTGGCAC	CAC	EP300	77	CGC	6786	6788	CGC	1	0
78	TP53 c.380C>T	GGCAAAACATCTTGTTGAGGGCAGG	ACGTGCAAGTCACAGACTTGGCTGT	GAAGT	TP53	78	GGAGT	377	381	not_found	1	0
79	PTEN c.463T>C	TTGTCTCTGGTCCTTACTTCCCCAT	TCTAGGGCCTCTTGTGCCTTTAAAA	GGAAA	PTEN	79	AGAAA	459	463	AGAAA	1	0
80	RECQL4 c.1891C>T	GCCCAGGAAGCAGTGCACGCCCATG	CCCGAAGCACCTTGCAGACGCGCAG	CACT	RECQL4	80	CGCT	1889	1892	not_found	1	0
81	RB1 c.1333C>T	ATACAAGCGAACTCCAAGTTTGTAT	TGTGATCCAATTTCGACACAACCCT	CAC	RB1	81	CGC	1332	1334	CGCTACAAACAAACAAAAAG...	1	0
82	PIK3CA c.1034A>C	TCTTATCAATGTCTCGAATATTTAC	ACGTAGGTTGCACAAAGAATTTTTA	AGTC	PIK3CA	82	ATTC	1032	1035	not_found	1	0
83	PTPN11 c.854T>C	TCGTGTAGGACAACCCTGGTATGAT	GGGCAGGATGTTTTTATATCTATTT	CAGA	PTPN11	83	CAAA	853	856	['CAAA', 'CAACTAGAAG...	1	0
84	ASXL1 c.2915G>A	CAATGTCCACCTGTTGACAGTAACT	ATTGCTGTCACTGCCTCCTCGAGAT	GTC	ASXL1	84	GCC	2914	2916	GCC	1	0
85	ICOSLG c.809C>T	TCCCTGCACACCCAGCCTATGGCCA	ACGACCACAAGCAGGCACAGGACAG	CCACC	ICOSLG	85	CCGCC	807	811	CCGCC	1	0
86	GRIN2A c.167G>A	TCCAGGGGCAGCCCCGCCGCCTGCT	CCACAGTGTTCGAAGTTCGCGCTCT	CGGGGTC	GRIN2A	86	CGGGGCC	166	172	CGGGGCC	1	0
87	BRCA2 c.4399C>T	CATTTTGTTCTTTCTTATGTCAGAA	TTCAGAATTTAAGGAAAAGTTATGC	TATAA	BRCA2	87	TGTAA	4396	4400	TGTAA	1	0
88	POLE c.2933A>G	ATTGGAAGATCTTAATCAGCTGCAG	CCGCGGCGTTTGACCTCAAAGCCCT	TCCC	POLE	88	TTCC	2931	2934	TTCC	1	0
89	LATS2 c.1478C>T	AGCGGGAAGGCGCCTGCGCCGCCCA	CAGGGCATGCTCCTCCTTGGCGTCC	GCAC	LATS2	89	GCGC	1477	1480	GCGC	1	0
90	NUF2 c.166G>A	AAAATGTTCCAGTCGAATTCCATAT	TTTGTAAGGCTCTCATGTAGATCAT	ATTA	NUF2	90	ACTA	164	167	ACTA	1	0
91	CDK8 c.967C>T	CTGCATAGCCTGTTCTGAGGTAATT	TTATTGGGTCCATGGTAAGCAGCTT	CACT	CDK8	91	CGCT	965	968	CGCT	1	0
92	FLT1 c.3704C>T	CTGGTAGTCATCAAACATGGAGGTG	CGGTAAAAGTTCTTCAAAGGTTTTG	ACATT	FLT1	92	GCATT	3700	3704	not_found	1	1
93	FLT1 c.838C>T	ATGGGAATTGCTTTGGTCAATTCGT	TTACGGAAGCTCTCTTATTTTTTTC	CACC	FLT1	93	CGCC	836	839	not_found	1	0
94	BRCA2 c.1012G>A	GTTTTTAGATTTTTCACATTCATCA	TTGCTTCATGGAAAATTTTTTTCCT	GTGT	BRCA2	94	GCGT	1010	1013	GCGT	1	0
95	DNMT3A c.976C>T	GCCGTCTCCGAACCACATGACCCAG	GCCTTCAGCTGCTCGGCTCCGGCCC	CAGGT	DNMT3A	95	CGGGT	973	977	CGGGT	1	0
96	IRS1 c.1955G>A	CATTGGGGTCCACTCTCTGGGGATG	TGGGATTGATGATCTGCTGTGGGGC	GTGTCTGA	IRS1	96	GCGTCTGA	1949	1956	GCGTCTGA	1	0
97	ERCC4 c.1069A>C	CTTCTTTAATTTCCATTTTTTCAGA	TTTTCTTTTTTACTCATTTTGGCAT	TAGT	ERCC4	97	TATT	1068	1071	TATT	1	0
98	BRCA2 c.5381T>C	TTTGTGGGTATGCATTTGCATCTTT	GGATATTACTTTGGAAAAACTAGTG	TGCATT	BRCA2	98	TACATT	5377	5382	TACATT	1	0
99	FOXO1 c.941G>A	ATAGTACTAGCATTTGAGCTAGTTC	TGTACTCCAGTTATCAAAGTCATCA	GAGGGTGAAA	FOXO1	99	GAGGGCGAAA	937	946	GAGGGCGAAA	1	0
100	CREBBP c.1855G>A	TTCCATGCGGCGATCCTTTAGAGCT	TCAGGTGTTGGGAAGATGGCTTGGA	GTGGGA	CREBBP	100	GCGGGA	1851	1856	GCGGGA	1	0
101	CREBBP c.1052G>A	GAACCAGCTGCTGCTGTATCAGTTT	TTTTCAGGATCTGCAGTGGGGCCTG	GTGT	CREBBP	101	GCGT	1050	1053	GCGT	1	0
102	ERCC5 c.1642G>A	GAATTTACTCTCATATGGGCAAAGT	TCTGCTGCTCAAGCACTTCAGCATG	TTGT	ERCC5	102	TCGT	1640	1643	TCGT	1	0
103	PRKD1 c.716C>T	TTGACCTCTTCTCTCGACCAATAAA	TCTGATGGTGATTTTTGCAGAAGGG	CAAC	PRKD1	103	CGAC	714	717	not_found	1	0
104	GREM1 c.256C>T	CACCAGTCTCGCTTCAGGTATTTGC	CCGTCACATGCAGGGCCTCTTGGCT	ACT	GREM1	104	GCT	254	256	GCT	1	1
105	SDHC c.268C>A	AGACTCAAAGTTCCCAGGGAGTAAC	CCGACATGCCAAAAAGAGAGACCCC	ATGG	SDHC	105	AGGG	266	269	['ACGG', 'AGGG']	1	0
106	MGA c.5270G>A	GAATCAACAACAATCGAGGTCCAGC	TTCACTGTGTTAGGAGAGACCTGTG	ATGT	MGA	106	ACGT	5268	5271	ACGT	1	0
107	MGA c.8371G>A	CTATAGCTGATGTTACTTTCCTCAG	ATCTCTATGCTTGAGTCCTTGAGAT	TTTC	MGA	107	TTCC	8370	8373	TTCC	1	0
108	TP53BP1 c.101G>A	AACCAGAATCATCCTCTAGAACCTG	CAGGCTGAGAATCTTCAATTATCAG	GTTTT	TP53BP1	108	GCTTT	98	102	GCTTT	1	0
109	BRCA2 c.9430dup	CTCTTTTGGACTAGCAGAAAACACA	TCTCCAGCAAATAAAGTAAGAAGGC	GAAAAAA	BRCA2	109	GAAAAA	9426	9431	GAAAAA	1	0
110	AXIN1 c.1475G>A	TGGCCACGTGCCCACTGTCCGGGGA	TGGCCAGGCCCAGGCGACTGGCGGC	GTGA	AXIN1	110	GCGA	1473	1476	GCGA	1	0
111	TSC2 c.2608G>A	GGGGTTGGTGTACGGCAGGGAGATG	ACACACTGGCATACTGCTCCGCGGC	GTGA	TSC2	111	GCGA	2606	2609	GCGA	1	0
112	TRAF7 c.946C>T	TCTCCGAGAGCTTTCCCAGCATGGA	AGGAAGGCGATCTCCTGGTCCTTCT	GCAC	TRAF7	112	GCGC	945	948	GCGC	1	0
113	PTEN c.755A>G	GTTTGTGGAAGAACTCTACTTTGAT	ACCACACACAGGTAACGGCTGAGGG	ACC	PTEN	113	ATC	754	756	ATC	1	0
114	PIK3R1 c.1351_1356del	TTCTCGACTTTTTTCTTGAAACTGA	TGTAATTTTTTCCCTACAGCTTCAA	GTGTTA	PIK3R1	114	GTGTTATATTCA	1350	1361	GTGTTATATTCA	1	0
115	IRS1 c.551G>A	TGATGGTCTTGCTGGTCAGGCAAAG	ACCAATCAGGTTCTTTGTCTGACCC	GTGGTAGAT	IRS1	115	GCGGTAGAT	544	552	GCGGTAGAT	1	0
116	SLX4 c.4339G>A	GCTGGGGCTGCTGGTGCTCAGGGGG	CCGCTCCAGGTTCCAGTGGTCAATG	CTGGT	SLX4	116	CCGGT	4336	4340	CCGGT	1	0
117	CREBBP c.4043G>A	AAACCTCCCCGGCTTCAGGGTGATT	CCGCAAAAATTTGTTCACTCGGTCT	CTGGTG	CREBBP	117	CTGGCG	4042	4047	CTGGCG	1	0
118	AXIN1 c.1762G>A	CCCACTGTGGGCGAGGCCATCACTG	GGGGGCAGCGCCAACACTCTCTGAG	GTGTT	AXIN1	118	GCGTT	1759	1763	not_found	1	0
119	ROS1 c.1289G>A	GTACAGGAAGGTCTGCTCTATAAAT	ATCTCTCAGGAGGTAAAAGACATAC	GTC	ROS1	119	GCC	1288	1290	GCC	1	0
120	ARID1B c.6677C>T	CCAGAGAGTTCAGGACAGCTGATAT	TATCCAGCAACCGGCCCTCGTGCAA	CAAGA	ARID1B	120	CGAGA	[6923, 6884, 4385]	[6927, 6888, 4389]	CGAGA	1	0
121	CARD11 c.1628C>T	GCATCTTGGTGAAGGAGTTGGTGAT	AGAGATCCGCAGGAGCTAGGGCTGG	GAGC	CARD11	121	GGGC	1626	1629	not_found	1	0
122	PDGFRA c.1027C>T	TTTCAGCCAGGATATCCTGGGAGGT	AGGCCCGCACCTCTACAACAAAATG	GAGT	PDGFRA	122	GGGT	1025	1028	GGGT	1	0
123	EGFR c.1097G>T	CCACCGGCAGGATGTGGAGATCGCC	GATGGAGGTGCAGTTTTTGAAGTGT	AAT	EGFR	123	ACT	1096	1098	ACT	1	0
124	PIK3CG c.1900A>G	GGCTCTTACATTTTCATCTGAGAAG	AGTCCAGGAGCTGCATTGTTAACCC	TCGC	PIK3CG	124	TTGC	1898	1901	TTGC	2	0
125	TSC2 c.202G>A	CGTGCTCTTCAAATTTCTTGGTTTT	ACTTCACAAATCTGCCCTATCATCC	TGTG	TSC2	125	TGCG	201	204	not_found	1	0
126	FAT1 c.440C>T	CGCTGTATGAGGTGGGTGAGAATAA	CAAGTCATTTGTATCCAGCACCTGC	CAGTCT	FAT1	126	CGGTCT	436	441	CGGTCT	1	0
127	KIT c.1120G>A	TAATCTCGTTAGATGAAGTTCACTT	TCTGATATTACTTTCATTCTCAGAC	ATGTA	KIT	127	ACGTA	1117	1121	not_found	1	0
128	FAM175A c.837dup	AAAAAGGTCCGTAATGCCTGACAAA	AAATGTTCTCCTGAGGGTCTTTTTG	GAAA	FAM175A	128	GAA	836	838	GAA	1	0
129	EIF4E c.443G>A	GGCACAGAAGTGTCTCTAGCCAAAA	TCGAGGTCACTTCGTCTCTGCTGTT	GTGA	EIF4E	129	GCGA	441	444	GCGA	1	0
130	TET2 c.1040C>T	ACCTGAACAGAATTCTTCACCAGAC	AGCTTTGTGGTTCCCTGGATGTTAT	ACT	TET2	130	GCT	1038	1040	GCT	2	1
131	FAT1 c.6137C>T	CTGTCACTTCTACAACCACATCAAA	TCCTGCTGCTCACGATCGAAGGGCG	CACC	FAT1	131	CGCC	6135	6138	CGCC	1	0
132	IKBKE c.350G>A	GGTGGTTCATGCCGGCCACCACACA	CAGCACCACCAGGAACTCATCCTCA	GTG	IKBKE	132	GCG	349	351	not_found	1	1
133	DIS3 c.2625dup	TGTGGGTTTGGTTTGTCCTTTTCTT	AAAGACTGTCCCTTCTAAACCATAC	CAAAA	DIS3	133	CAAA	2623	2626	CAAA	1	0
134	TERT c.1358G>A	ACACCTGCCAGGGGCTGCTGTGCTG	AGCAGCTGCACCAGGCGACGGGGGT	GTGG	TERT	134	GCGG	1356	1359	GCGG	1	0
135	RAD51B c.489T>A	CAAAAGTAACTTTTCTTCAGTGTTA	ATCTGGGAAAACGGGATTCTGCTAT	AATT	RAD51B	135	AAAT	488	491	AAAT	1	0
136	ERCC5 c.1189G>A	AGCACACACTTTTACATCTTCGTCA	CAAGAGCTCTCTTAATGGCTGAAAG	TTGT	ERCC5	136	TCGT	1187	1190	TCGT	1	0
137	ERCC5 c.1537G>A	TTCCCTTCCATTCGGGAGCCCAGGT	CACTATGTCTAACCACTGCACTCTC	GTGT	ERCC5	137	GCGT	1535	1538	GCGT	1	0
138	ATRX c.6772_6773del	TCAACTCTTCTTCTTCTTTGTGGTC	GAGAATCATGTTCATGGTATCCTAC	CAA	ATRX	138	CAAAA	6770	6774	CAAAA	1	0
139	SPEN c.7024C>T	GAGCCACCACTTTCTTGTTTGTGTT	TTGCGGCGTGATCGGGTTGTTTTCT	TCAC	SPEN	139	TCGC	7023	7026	TCGC	1	0
140	FLT4 c.1325C>T	GCACCCCGTAGGCCGTGCAGGTGAG	TGGCGGCTGTGACGCGAGTAGATGC	GACC	FLT4	140	GGCC	1323	1326	GGCC	1	0
141	MSH6 c.3103C>T	ATTTTTATCAAAGTTATAGAACAGT	CGCATGCAGTCCTTCAATGATACAT	CAC	MSH6	141	CGC	3102	3104	CGC	1	1
142	HIST1H3I c.226G>A	GCGCAGATCGGTCTTAAAGTCCTGT	TCTCCCGTACCAAGCGCTGAAAAGG	GTGA	HIST1H3I	142	GCGA	224	227	GCGA	1	0
143	RB1 c.1251_1252delAA	AAAGATGTATCCTATATCCTTCACT	AGTATACTTTCTTTTGGATTCACTG	CTTC	RB1	143	CTTTTC	1248	1253	CTTTTC	1	0
144	ARID2 c.766T>G	CCATTCTCCTGATGTACCTTCATGA	TGTTTCTGTCAGAAATGAGGTCACG	GCCT	ARID2	144	GACT	764	767	not_found	1	0
145	RPTOR c.1733C>G	TCTGCCAGATCCTGCCGAGGCAGAT	ACCCACTGGCGCAGCAAGGGGTGCG	GCCC	RPTOR	145	GGCC	1731	1734	GGCC	1	0
146	SESN2 c.334C>T	GGCAGCCATGATGGCAATGTAGTGG	AGGAGCTGGCCAAGGGACCATCCGT	CACC	SESN2	146	CGCC	332	335	not_found	1	0
147	EZH1 c.902G>A	GAAGGAAGCAGTCGTATTTAAAGCA	AAAAAAGTGTGTGGAAGGAGTGCAG	GTGCCGGC	EZH1	147	GCGCCGGC	896	903	GCGCCGGC	1	0
148	ZFHX3 c.10511T>C	ACTGCCACCGCCGCCGCCGCCGGTG	GAAGCACCATCTCTTGCAGGTTCAC	GGGGCGT	ZFHX3	148	GGGACGT	10508	10514	GGGACGT	1	0
149	FANCA c.1738G>A	TGAGCAGGGCGGGGAGGAAGTGGGA	AGTAAGGCCTCCTGAATATGCTGGC	CATGT	FANCA	149	CACGT	1736	1740	not_found	1	0
150	ANKRD11 c.913G>A	TGAACTGGAAGGTGCGAAGGATGGT	CTTCCTCTTCTGAGCTCTCCGTCGA	GTGT	ANKRD11	150	GCGT	911	914	not_found	1	0
151	BRIP1 c.485G>A	TTCTAATCTGCTGTGTAGTTTCTAA	TTCTTTTCTTCTCTACTTGAAAATC	GGGTTGAA	BRIP1	151	GGGTCGAA	482	489	not_found	1	0
152	FAT1 c.6866C>T	TTACAGATGCCTCAGACAGGGTCAC	AAGACTGCTGAGCAAACACAGGAGG	CACAT	FAT1	152	CGCAT	6863	6867	CGCAT	1	0
153	RPTOR c.2258C>T	TGGTGCTGAGGTTTCCGGGGGAGAA	ACCGCGCCACCAGATTCCTCTGTCA	CACC	RPTOR	153	CGCC	2256	2259	not_found	1	0
154	ZFHX3 c.2537G>A	AGGGCAGGCTGCCGAGGCCCAGGTG	TGTGTTGGATCTGGGTCATGTTCTG	GTGGT	ZFHX3	154	GCGGT	2534	2538	GCGGT	1	0
155	RECQL c.179A>C	CCAAGCGGCAGGTGAAGAATCATAT	TTGCTTGCCCCGGCATCAGAATCCT	GCA	RECQL	155	TCA	177	179	TCA	1	1
156	ATM c.1315C>A	TCGCTGTTGGGGTAGAAGCTGAGAT	CATCAGTAATGGAGACAGCTCACAG	ATTAT	ATM	156	AGTAT	1312	1316	AGTAT	1	0
157	ATM c.1914dup	TCTGAGAATGAAAGTTCTTCTTTAT	TTTGGTGGTGTTCACATTCTGGCAC	CTTT	ATM	157	CTT	1913	1915	not_found	1	0
158	ATM c.6680G>A	CCATCAGGATCTCCAAAATGACTGT	AGAGCCATGATAGGCTCCTGAAAAC	GTGT	ATM	158	GCGT	6678	6681	GCGT	1	0
159	KMT2A c.478C>T	TTTAACTGAAGGAGACCTTGTGGGA	ACTCTGACTTCTTCATCTGAGCCAA	CTTCAC	KMT2A	159	CTTCGC	477	482	not_found	1	0
160	RPTOR c.1105C>T	ATGGCGTGCATGTACGTGGGCGGCA	GGGCTGCTGACGGGAGTGCAGTTAT	GACAC	RPTOR	160	GACGC	1104	1108	GACGC	1	0
161	SDHC c.197C>T	CAGTGCCACGGTGGCAGATGGACAT	ATGGGAAGAGACCAACTGTAGATAG	CACC	SDHC	161	CGCC	195	198	CGCC	1	0
162	BCOR c.409G>A	GAAGCCATTTGGGGGTTTTCCAGAG	AGAAGCCTCCACTGTCTCGGGTGTA	ATGGC	BCOR	162	ACGGC	406	410	ACGGC	1	0
163	INHA c.595C>T	GGCTGAGCAGGTACAGAGGGGACAG	AGCAGCAGCACCAGGACGGGGTGGG	CAC	INHA	163	CGC	594	596	CGC	1	0
164	PTPRS c.4676G>A	GGAAGGGCGTTGGGTATTCGGGCAC	TGGTCCGGCCACGCCGTAAACTGGA	GTCA	PTPRS	164	GCCA	4674	4677	GCCA	1	0
165	CDH1 c.1273G>A	ATCGTTGTTCACTGGATTTGTGGTG	CAAATTGTCCACCATCATCATTCAA	ATGA	CDH1	165	ACGA	1271	1274	ACGA	1	0
166	CTCF c.443C>T	TGTGGCATATCATGGGTTCACTTTC	AAGGCCCTCTTTAGACACTTCATTT	CAC	CTCF	166	CGC	442	444	CGC	1	0
167	PDGFRA c.2525A>T	GACACATAGTTCGAATCATGCATGA	TCTGGCCAGGCCAAAGTCACAGATC	TGAC	PDGFRA	167	TGTC	2524	2527	TGTC	1	0
168	NF1_1 c.2446C>T	TCCTCCTCCACTCACATGGGACATT	TCTTAACAATGGTCTTGTGAAGGCT	CACC	NF1	168	CGCC	2444	2447	CGCC	1	0
169	NTRK1 c.2035G>A	TGGTGCGGCCTCCCACACGGTAATA	GCTGTAGATATCCCTGCTCATGCCA	GTTGGT	NTRK1	169	GTCGGT	2032	2037	not_found	1	0
170	PIK3CA c.1357G>A	AACACCAATAGGGTTCAGCAAATCT	AATCCATGAGGTACTGGCCAAAGAT	TTT	PIK3CA	170	TCT	1356	1358	TCT	1	0
171	CDK12 c.2230G>T	TAGTTCTCCTGTGTCTTTGTCCTTG	TATACTTGGCCATAGGTTCCTTCTC	GATTTA	CDK12	171	GCTTTA	2226	2231	not_found	1	0
172	RAD51D c.478C>T	GGTGTCCAGGAGAATCCGAGTGCTG	ACAAAGCTCCAGGAGCGTCCGAGGG	GAC	RAD51D	172	GGC	477	479	GGC	1	0
173	STAT5B c.1102dup	CTCACTGATGATGGTGGCCTTCACC	GGGGGGTTCATGTGCACGTTCAGCT	TGGG	STAT5B	173	TGG	1101	1103	TGG	1	0
174	STAT5A c.1888G>A	CGTTCCGGGGAGTCAAACTTCCAGG	GGTGATGCCCCCGATTTCTGAGTCA	TGAT	STAT5A	174	CGAT	1885	1888	not_found	1	1
175	NF1_1 c.7817A>G	ATCTTCGGATCAGTAAGTACTTCTT	AAGAGAACATTTGATTCAGACACTG	CACCC	NF1	175	CATCC	7815	7819	CATCC	1	0
176	NOTCH1 c.1070_1072del	TGTGCGGCCATGGGGACACTCGCAG	AGGCCACACGGTCATGGCAGGTGGC	TAGG	NOTCH1	176	TAGAAGG	1067	1073	TAGAAGG	1	0
177	ARID5B c.1010C>T	AACCTAAATAGGGTATTCGTTCTAT	TCCTTTCTTTCATGTATTTATAAAG	CGGCATTT	ARID5B	177	CGGCGTTT	1007	1014	CGGCGTTT	1	0
178	TET1 c.184dup	GACTGGCACGGGTGGTTTAGGTTCT	TTTTTCTTAACATCTCTTTCTTGAA	GTTT	TET1	178	GTT	183	185	GTT	1	0
179	BMPR1A c.850C>T	TATGAAACCAAGTATGTTTTCATGG	TTAGCACAGTTTGGTAGATTTCTGT	CACA	BMPR1A	179	CGCA	848	851	CGCA	1	0
180	KMT2A c.3190C>T	TCTGCAGACATGTTTAATCCGGGGT	ACAGAGGTCTCTGATGAGTCACTTT	CCTCAC	KMT2A	180	CCTCGC	3189	3194	CCTCGC	1	0
181	FGFR2 c.751C>T	TTGGAGGATGGGCCGGTGAGGCGAT	CCACAACATCCAGGTGGTACGTGTG	CACT	FGFR2	181	CGCT	749	752	CGCTCTGGTGGAGAGAGGGA...	1	0
182	FGFR2 c.569G>A	AAACTCCTTCCCGTTTTTCAGCCAC	ATGGTTGGCATTGGGTTCCCCCCGG	TGC	FGFR2	182	CGC	567	569	CGC	1	1
183	IGF2 c.647C>A	CGTGGGCGGGGTCTTGGGTGGGTAG	CAGGGGACGGTGACGTTTGGCCTCC	ATCAAT	IGF2	183	AGCAAT	643	648	AGCAAT	1	0
184	IGF2 c.223G>A	GCGGTAAGCAGCAATGCAGCACGAG	GGCCAAGAAGGTGAGAAGCACCAGC	GTGAA	IGF2	184	GCGAA	220	224	GCGAA	2	0
185	RPS6KB2 c.668G>A	ATGGTGCCGCAGAAGGTGTGAGTGA	CATGGATAGACTCCTTGCAGAGTCC	CGGCGTCCT	RPS6KB2	185	CGGCGCCCT	665	673	CGGCGCCCT	1	0
186	RPS6KB2 c.1175C>T	CCTCCTTGATGCTGTCCAGGACAGA	ACGTATGTGAAGCCCAGGAAGGCCT	CAGCGCC	RPS6KB2	186	CGGCGCC	1170	1176	not_found	1	0
187	MRE11A c.1318G>A	CAGTGAGAGCTGCACATTCTTCTCT	GAAAGTACTGTTTTACAAGATCTTC	GTGGTTT	MRE11A	187	GCGGTTT	1313	1319	not_found	1	0
188	POLE c.4555C>T	GCCAAGGCTGGGCATCTGGTTGCTG	AGTGTCCAGCACAAAGACGGATGCC	CACAC	POLE	188	CGCAC	4552	4556	CGCACCTAGACCAACGCAGG...	1	0
189	CHEK1 c.878A>G	GAGAGAAGTCCAAATTGGATTGAAT	TTAGAAAATCCACTGGGAGACTCTG	GCGC	CHEK1	189	GTGC	876	879	GTGC	2	0
190	PIK3C2G c.1775C>A	TCTGTAATGTCATGCTGAACAGCAT	CCCGAGAATGGATTTTTCTTTTGGA	ATA	PIK3C2G	190	AGA	1774	1776	not_found	1	0
191	PIK3C2G c.4106T>G	TACGAACTTCACTGGGATATGGTAA	TAAAATTCAACATGTGCACTGGGCG	ACGA	PIK3C2G	191	AAGA	4104	4107	AAGA	1	0
192	PMS2 c.2533del	GATGTGTCTCATGGTTGGCCTTCCA	ACAGTTCCAGGGGTGGTCCATCTCC	TGGG	PMS2	192	TGGGG	2530	2534	TGGGG	1	0
193	ARID2 c.368C>A	TGTAGGAAGATGGAATTGCACCAAT	AAGCTGTGGCTTTGGATTGCCTGGT	ATG	ARID2	193	AGG	367	369	AGG	1	0
194	ERBB3 c.2035C>T	TATGCTCTCACCCCGTTCCAAGTAT	TAGCCCTTTTATTCTGAATCCGGCG	CACCTCA	ERBB3	194	CGCCTCA	2030	2036	not_found	1	0
195	IL10 c.320C>T	AGGTTCTCCCCCAGGGAGTTCACAT	TGATGTCTGGGTCTTGGTTCTCAGC	GCACCT	IL10	195	GCGCCT	317	322	GCGCCT	1	0
196	GLI1 c.1138C>T	GACCATGCACTGTCTTGACATGTTT	AGCGAGCTAGGATCTGTATAGCGTT	TCAC	GLI1	196	TCGC	1137	1140	TCGC	1	0
197	RFWD2 c.1069C>T	TCAAAATGAGCAGTAAGTCGTTTTC	TGATGCTAACGTGCTATTATACCAA	ATCT	RFWD2	197	GTCT	1066	1069	GTCT	1	1
198	SH2B3 c.239G>A	TAGTCGCGGCCCGGCGCCCGTCCGT	CACCTCGCGGCAGAAGTAGCGCTGG	CGTG	SH2B3	198	CGCG	238	241	CGCG	1	0
199	SH2B3 c.1064C>T	AGGGGTAGCAGGACAGGAAATGGTC	TTCTGGCAGGCCGGGTCCAGCAGCC	CATC	SH2B3	199	CGTC	1062	1065	CGTC	1	0
200	PTEN c.328C>T	ATGATTGTCATCTTCACTTAGCCAT	CAAGATCTTCACAAAAGGGTTTGAT	TAGT	PTEN	200	TGGT	326	329	TGGT	2	0
201	MSH6 c.3261dup	TGGCGTGATCCTTTAAGCTCTAAGA	GGGGGGTATCTTCCGGCAACAGAAT	AGGG	MSH6	201	AGG	3260	3262	AGG	1	0
202	STK40 c.250C>T	GGTGTGCAGCAGCATCTTGCCCTGC	CCTGGCTCTCTATGCCTTGGTCCCC	CACTCTT	STK40	202	CGCTCTT	245	251	CGCTCTT	1	0
203	AXL c.2629G>A	TGGGGAGCCCCTATCAGCAGGCTGA	GGCTAGGGGTTGTGGAAGGGCAGAG	GTGG	AXL	203	GCGG	2627	2630	GCGG	1	0
204	CIC c.1343G>A	CATCGTCAGCAATGACATCATCATC	TCCTCCTCACAGATGACCATGCGCT	CTCT	CIC	204	CCCT	1341	1344	not_found	1	0
205	CIC c.3041C>T	ACGCAGGGCTGGTACCCAGGGGCAG	GTGCCCGCCCGCTGACTGCACATAG	CAC	CIC	205	CGC	3040	3042	CGC	1	1
206	ERG c.1153C>T	GTGGAAGTCGAACTTGTAGGCGTAG	CCCATGGACCTTGGTCATGATGTTC	CACTT	ERG	206	CGCTT	1150	1154	CGCTT	1	0
207	NF1_0 c.1381C>T	CTTTAAATGTAAGACTCGGTGCCAT	ATTGCTGGGTGTGCTCCACAACCTT	TCAT	NF1	207	TCGT	1380	1383	not_found	1	0
208	PPP2R1A c.1187G>A	GCAGGGACTGGGACAGCTGCCGGAT	AATCACCTCGTTCACACAGTCCAGG	GTC	PPP2R1A	208	GCC	1186	1188	GCC	1	0
209	IRS1 c.928G>A	GCCCACCATGCTGGCCGGGGAGGTG	GATGCTCTCAGTGCGTGATCGGCGG	GTGGT	IRS1	209	GCGGT	925	929	GCGGT	1	0
210	FUBP1 c.1624G>A	CTGTGCTTGCTGTTGATAATAGTGA	AATAAGCAGCCCAAGCTGCTGAATT	GTGT	FUBP1	210	GCGT	1622	1625	GCGT	1	0
211	PIK3R1 c.581del	AAACGGCTGCTGGAATGACAGGATT	AGTCCAGGAGATAGCGTTTGAAAGC	TGTA	PIK3R1	211	TGGTA	578	582	TGGTA	1	0
212	PBRM1 c.2534T>C	TCCTTCTTGCTCGTTCCAATACTTC	GCTCTTGAAATAAATCAAGCCGACG	AGACATAT	PBRM1	212	AAACATAT	2528	2535	AAACATAT	1	0
213	MITF c.677T>C	GATTCTAGGCTAATGATGTCATCGA	ATCATCCATCTGCATACAGGACGCT	TTGC	MITF	213	TTAC	676	679	not_found	1	0
214	FOXP1 c.1234G>A	GCCTTGGGTGACGGGAGTCAGGGGG	GGGGTCGTTGGAGTATGAGGTAAGC	GTGGTT	FOXP1	214	GCGGTT	1230	1235	GCGGTT	1	0
215	EPHA3 c.340G>T	CAGGTTGAATGTCTCCTTGCAAGTT	ACCAATGGAATGCTATTGCAGTCTC	CATAAA	EPHA3	215	CCTAAA	336	341	CCTAAA	1	0
216	DNMT3A c.1463G>A	AGGAGATGCAGATGTCCTCAATGTT	ACTTCTGCCGCACCTCGTACACCAG	CTGGC	DNMT3A	216	CCGGC	1460	1464	not_found	1	0
217	RAD54L c.605G>A	ATTTCTGGCTTGCACTCTGGACTCT	AAAAGTGTCCACATCAATGTGATGC	GGTGT	RAD54L	217	GGCGT	603	607	GGCGT	1	0
218	PIK3R3 c.826C>T	TTGATTCTTCAAATCCTGCTCTAGA	ATTTTGCTATCATGAATCTCACCCA	CAC	PIK3R3	218	CGC	825	827	CGC	1	0
219	ASXL1 c.1907C>T	ACCCCCCCCTCCGATGGCAGTGGTG	CTATGGCAGTGGTGACCTCTCGCCC	GCCACCTCT	ASXL1	219	GCCGCCTCT	1902	1910	GCCGCCTCT	1	0
220	PTPRT c.1237G>A	GTTGTAGCTATGGCAGCGGGTCACC	AGCCGAAGGGCTCCCACTGCAGGGT	GTGT	PTPRT	220	GCGT	1235	1238	GCGT	1	0
221	INSR c.2461G>A	GGTGTCCTGGTTGCAAGCCTGCAGC	GCGATAGCCCGTGAAGTGTCGCAAG	TTGAT	INSR	221	TCGAT	2458	2462	TCGAT	1	0
222	SMARCA4 c.1652C>T	ACTCGTCTGTCTGCTGCAAGAGGTA	AGGCGCTTGTCCTTCTTCTGGTCGA	GACC	SMARCA4	222	GGCC	1650	1653	GGCC	1	0
223	BRD4 c.3908C>T	CCTGTGGGGTGGCGGCGGCAGCCAC	AGCTGCTTGCTGTTGCTGCTGCTGC	CAC	BRD4	223	CGC	3907	3909	CGC	1	0
224	UPF1 c.494G>A	CGTCCTTGTGCAGGGTCACCTCTTT	TTTTGCCCTCACAAGGTGATTTACA	GTA	UPF1	224	GCA	493	495	GCA	1	1
225	UPF1 c.1804G>A	TGCGTTCATCAGCAGCTCTCTCTCT	GCGCTTCAAGGCCCGGTACCGCTTC	GTGGT	UPF1	225	GCGGT	1801	1805	not_found	1	0
226	UPF1 c.2968C>T	AAAATAGCCAGGCGGTGGCATGGGT	GACCAGGTTGAAGGGGATGGGAATG	GACAT	UPF1	226	GGCAT	2965	2969	GGCAT	1	0
227	CCNE1 c.718C>T	GGACACAATAGTCAGGGGACTTAAA	ACTTAAGGGCCTTCATAATCATTAA	CACC	CCNE1	227	CGCC	716	719	not_found	1	0
228	AKT2 c.97G>A	CCTCTCCTTGTACCCAATGAAGGAG	CGCTCTTCAGCAGGAAGTACCGTGG	CTGT	AKT2	228	CCGT	95	98	CCGT	1	0
229	NCOA3 c.637G>A	ATATCTCTGGCGCATTTCAGGACTG	ATGTCTTCCAGAATATCATGTGGTG	GTGTTT	NCOA3	229	GCGTTT	633	638	GCGTTT	1	0
230	NCOA3 c.949C>T	CATTAAGATAAGCTTCTTGATAGTG	TTCTGGGACCATGACTGCCCATCAT	ACAT	NCOA3	230	ACGT	948	951	not_found	1	0
231	RUNX1 c.986C>T	CGGGGAACTGGCGCGGGTCGCTGAA	GTCAGGTCGGGTGCCGTTGAGAGTC	CACT	RUNX1	231	CGCT	984	987	not_found	1	0
232	RUNX1 c.703G>A	TGGGTGGTGTGGGCTGACCCTCATG	GTGCGCCGCAGCTGCTCCAGTTCAC	GTT	RUNX1	232	GCT	702	704	GCT	1	0
233	ICOSLG c.387G>T	GAAGTTTGCTGCCACATGCAGTGTA	CAACGCTCAAAACCTCCTGGAATCC	ACAT	ICOSLG	233	ACCT	386	389	not_found	1	0
234	RAC2 c.277G>A	CACTTCTGGGAACCACTTGGCGCGG	TTCTCATAAGAGGCTGGGCTGACGA	ATG	RAC2	234	ACG	276	278	not_found	1	1
235	EPHA3 c.872C>T	ACCATCTTCCTGAGTAGAACTGTGA	GCACTTAGCACACTTCATATTACCA	GGCAG	EPHA3	235	GGCGG	871	875	GGCGG	1	0
236	PPARG c.1153C>T	GCTCCATAAAGTCACCAAAAGGCTT	AGGCTCTTTAGAAACTCCCTTGTCA	TCAC	PPARG	236	TCGC	1152	1155	TCGC	1	0
237	CTNNB1 c.634C>T	GTTATGCAAGGTCCCAGCGGTACAA	TGTTTCTACATCATTTGTATTCTGC	CAAGC	CTNNB1	237	CGAGC	631	635	CGAGC	1	0
238	CTNNB1 c.1089G>A	TCTGTCAGGTGAAGTCCTAAAGCTT	TTCCACCAGCTTCTACAATAGCCGG	GTA	CTNNB1	238	GCA	1088	1090	not_found	1	0
239	SETD2 c.6362G>A	AGCCACCTCTTGCTCAAACAACTTC	CCTCTGTAGAAAGTTTATTGCGGTC	CGGTGTT	SETD2	239	CGGCGTT	6359	6365	CGGCGTT	1	0
240	SETD2 c.4930G>A	GGTAAAAAACCCAACCCTCAGTTGT	TCACAGTCCATTTTTGGGTTTCACA	CTGT	SETD2	240	CCGT	4928	4931	not_found	1	0
241	SETD2 c.1712dup	CATTTAATTCTGTACAACAGAAAGA	TTAAATTTATCAGACTTGGGTATAG	ATTTT	SETD2	241	ATTT	1710	1713	ATTT	1	0
242	BAP1 c.1721C>T	AGGAACCCTTCCCACCCTCTGTCAG	AGGGGACTCAGCACCCCATCCTCAG	CACC	BAP1	242	CGCC	1719	1722	not_found	1	0
243	EPHB1 c.1404G>T	TTGTGTTCCTTCTCATAGTACCGGA	ATAGTCCAGGATGATGCCATTGGGC	TATC	EPHB1	243	TCTC	1402	1405	not_found	1	0
244	EPHB1 c.2072G>A	TGAACTCTGTGATGATCATGACAGG	TCTTGGTGACCACACCCTCCAGGCG	CTGAC	EPHB1	244	CCGAC	2069	2073	CCGAC	1	0
245	PIK3CB c.882A>C	GCAGCCTCTATGGCAATCATTTCTT	CATACATTTTCTTGATCTTGCAGCA	GGT	PIK3CB	245	GTT	881	883	GTT	1	0
246	ATRX c.4744dup	GCATCCTGAACCTGGAGATTTCTTT	TTTTCACAGACTCACAGCAGCAATC	GTTTT	ATRX	246	GTTT	4742	4745	GTTT	1	0
247	PIK3CA c.1496C>T	GCTAAATCCTGCTTCTCGGGATACA	TTGGCATGCTCTTCAATCACTGACA	AACCAA	PIK3CA	247	GACCAA	1491	1496	GACCAA	1	1
248	PTPRT c.721C>T	TGAGAAGCGCCTGTGGTTGACCACA	GACCATCAGGGCCGTGTCCCTGCCA	CAGGT	PTPRT	248	CGGGT	718	722	CGGGT	1	0
249	MAP3K13 c.1549C>T	ATGGATGATAGGACGAACAGGGTGT	GTAGGTCCCAGGATACTTCTTTTCC	CATTT	MAP3K13	249	CGTTT	1546	1550	CGTTT	1	0
250	MAP3K13 c.2659G>A	AATCTCTGGCGTCTGGGACAGCAGG	CTAGCTTCTCTGCCAAGCGGTCTTC	TTGT	MAP3K13	250	TCGT	2657	2660	TCGT	1	0
251	FGFR3 c.841G>A	CTTGAGCCACTGGATGTGGGGCTGT	CACTGTACACCTTGCAGTGGAACTC	GTGT	FGFR3	251	GCGT	839	842	GCGT	1	0
252	WHSC1 c.808G>A	CTCAAATATCCAAGCTCTTTCTGGG	CACCAAAGAACTGTACGTGATACTG	GTGT	WHSC1	252	GCGT	806	809	GCGT	1	0
253	PDGFRA c.863A>G	TGGTAGCCTGGCGGGCAGCACATTC	CCACTGTCTTTCACCGTGGCCTCGG	GCAATCT	PDGFRA	253	GTAATCT	858	864	GTAATCT	1	0
254	MST1 c.494G>A	GGTTACGGCAGAAGTTCTCTTCCAG	ATTCCGGAGAGTGGGCGTGTACTTG	GTC	MST1	254	GCC	493	495	not_found	1	1
255	ATRX c.6338_6341del	CTAGAGATCCTGCTTTAGTAGAAAT	AATCGTCCTCTCACATTAGTTTCAT	GAT	ATRX	255	GATAAAT	6336	6342	not_found	1	0
256	FGFR1 c.2059A>G	TCACAGGCAGTCGGCCGTTGGTTGT	AGTAGTCGATGTGGTGAATGTCCCG	CTCTTTAT	FGFR1	256	CTTTTTAT	[1955, 1961, 1694, 1931, 1688]	[1962, 1968, 1701, 1938, 1695]	not_found	2	0
257	ABL1 c.1766G>A	TGGTCTTTTTGTCTTTGGGGAGAAG	TCATCTTCATTCAGGCCGCCCTCCG	GTGC	ABL1	257	GCGC	1764	1767	GCGC	1	0
258	SPEN c.2439dup	TGCTTGTCAGTTTTGTCCTTTTCCA	TTTCCTTCCGTATTAAGCGTCTCTC	CTTT	SPEN	258	CTT	2438	2440	CTT	1	0
259	NOTCH1 c.5015G>A	CAATCTCCAGGTAGACGATGGAGCC	ACGTCCATGGGGTCCAGCTCCCTCC	GTGG	NOTCH1	259	GCGG	5013	5016	not_found	1	0
260	MDC1 c.419T>C	TTCTACTGTCAGAGGGCCCCGGGAG	GGGCAGAGAGACATCCAGGCGATGG	GCAAA	MDC1	260	ACAAA	415	419	ACAAA	1	1
261	NOTCH1 c.2108G>A	TGGGGTCGTGGTAGCCCTCGGGGCA	GCAGGTGAAGCCATTGATGCCGTCC	GTG	NOTCH1	261	GCG	2107	2109	GCG	1	0
262	TRAF2 c.382C>T	ACATTCGGTCAGCATGAGCGGGCAG	CCTTCGTGGCAGCTCTCGTATTCTT	CAG	TRAF2	262	CGG	381	383	not_found	1	1
263	MTOR c.1856G>A	GGGAGCAGGTGCGGGCAGCCTCCAT	GATCTCCTTGTGCTCACTGTTCAGG	GTG	MTOR	263	GCG	1855	1857	GCG	1	0
264	PIK3CA c.113G>A	GCTTTATGGTTATTAATGTAGCCTC	AGGCATTCTAAAGTCACTATCATTC	ATGG	PIK3CA	264	ACGG	111	114	ACGG	1	0
265	KDM6A c.2800G>A	ACTAGGTGTAGGTGGATTCAACTTG	TTGGCAAGGGAGGGTATGGTGAAGA	TTCT	KDM6A	265	TCCT	2798	2801	TCCT	1	0
266	SPEN c.1475C>T	GATATTCCCCATCCATCTTCTTAAT	TTACAAACGCTAGCAATATCACAGT	AACT	SPEN	266	AGCT	1473	1476	AGCT	1	0
267	ERRFI1 c.976T>G	ACTCGGTGTGCGCGAGTTACTCGGT	TCTCTTGGCGGTACTTTGGGAGGCC	GCCAAAGGT	ERRFI1	267	GACAAAGGT	969	977	GACAAAGGT	2	0
268	AMER1 c.3104A>G	ATGCTCTGGGAGGCCTGTGGCTGGA	AGCAAGGGCCCATGGGCAGGTGTAG	GGCTAT	AMER1	268	GGTTAT	3101	3106	GGTTAT	1	0
269	MED12 c.641dup	GCAAGGGCCCTATCGTGGAACCACA	ACTTCCTGCAGGCCCTGGCCGGTAG	GCCCCCC	MED12	269	GCCCCC	637	642	GCCCCC	1	0
270	MTOR c.6178C>T	ATGTTTCCTTCAGAGTCTGGGGGCC	CCATCATAGCATGCAAGGGCTCCAG	CCATT	MTOR	270	CCGTT	6176	6180	CCGTT	1	0
271	MTOR c.4445G>A	CCCATTCCCCCAAGGCCTCGAGGCA	TGCGGCCCAGCATCAGCTCTGGGTC	GTGCA	MTOR	271	GCGCA	4442	4446	not_found	1	0
272	BCOR c.4982G>A	GGACATCCGAAAGCAGTAGCCAGTT	GGCCCCTGAGCCACAGATACTTGGA	TTGT	BCOR	272	TCGT	4980	4983	not_found	1	0
273	SESN2 c.1385C>T	CGTACAGCAGAGCGGCTTGCATGCG	CCAGGAGCAGCAAGTTCACGTGGAC	CACCT	SESN2	273	CGCCT	1382	1386	CGCCT	1	0
274	FAT1 c.2956G>A	CTTCTTCTCAAAGTCCAACTGCTGG	CCTAACTGCTCCACTGAGTTTATCC	ATGAT	FAT1	274	ACGAT	2953	2957	ACGAT	1	0
275	FH c.1431_1433dup	TAGCAGTTTCCTTTAAGGTTGATCC	TGTGTGCTGTCTTAGCAATCTTTGC	ATTTTTTT	FH	275	ATTTT	1430	1434	ATTTT	1	0
276	SDHA c.1643A>G	ACCATTCCCCGGTCGAACGTCTTCA	CTTTAGGTCTCCATAGAGCTTGCTG	GGCG	SDHA	276	GGTG	1642	1645	not_found	1	0
277	DROSHA c.1618G>A	CCTAATTCCTGTGCGTCTTGCCTTT	CTGCATTTGCAGAGTGGTCCATCAT	GTG	DROSHA	277	GCG	1617	1619	GCG	1	1
278	RICTOR c.1453C>T	TAAATGAAGACTATAAGGCTTAGGT	TTCTTCATTTCATGGAAGCGTTTTA	CCTCAT	RICTOR	278	CCTCGT	1452	1457	CCTCGT	1	0
279	PIK3R1 c.1685G>A	TAAGGTCTGGTTTAATGCTGTTCAT	TTGTCAATTTCTCGATACTCAGCTG	ATGT	PIK3R1	279	ACGT	1683	1686	ACGT	1	0
280	RASA1 c.2719C>T	TATTGAACATCCGTGGATTCAGGAT	AGATGAGTCGAAGAAAAACAAAACC	GGCAGAAC	RASA1	280	GGCAGGAC	2717	2724	GGCAGGAC	1	0
281	APC c.596C>T	GGCAGGTACCTAGTTGTTCTTCCAT	TCTGATTTGCCTTGCTTCATATTCC	CACAAC	APC	281	CGCAAC	592	597	CGCAAC	1	0
282	FGFR4 c.1660G>A	CAGGAACTCCCGCAGGTTTCCCTTG	ACTCCACGATCACGTACAGGGGCCC	GTGGCGC	FGFR4	282	GCGGCGC	1655	1661	GCGGCGC	1	0
283	BCOR c.1016C>T	GGGTGGGAAGGTGGACTCGGGGTGA	CGAGGCGAGGGGGGCAACAGGAGAG	CAGC	BCOR	283	CGGC	1014	1017	CGGC	1	0
284	MAPKAP1 c.1000G>A	CTCCAAAGTGCTGTCCAGGTCAACG	ATTGGGCTCGCTCTGCTTCTCCAGG	GTGAC	MAPKAP1	284	GCGAC	997	1001	GCGAC	1	0
285	MAP3K1 c.3590C>T	GAACTATGGGGAGGGCATCCTGAGA	GACATTGCCATGGCAATTGCTAAAG	CACT	MAP3K1	285	CGCT	3588	3591	CGCT	1	0
286	SYK c.131G>T	ACAGGGCGAAGCCACCCAGGTAGTT	CTGGCGCAGCAAATAAAGCCCATCA	GCGGAT	SYK	286	GCGGCT	130	135	GCGGCT	1	0
287	SYK c.845C>T	GAGATTATTCCACCCGCTGACCAAG	AGGATGGGAACCTGGAAGTTGTGGA	TCAC	SYK	287	TCGC	844	847	TCTAGAAACCACAACGGCAA...	1	0
288	IRS1 c.1478G>A	TGCCCAAGCCTGTTCCTGGGGTGCA	GTGGCCATTGCCACCCCGAGACAAA	GTG	IRS1	288	GCG	1477	1479	GCG	1	0
289	XPO1 c.1658G>A	GAAATTTCCAGTGAGCTCTCAAAAA	GGGTATTGACCTACTATGTACATGA	ATGT	XPO1	289	ACGT	1656	1659	ACGT	1	0
290	NF1_1 c.7037_7040del	GACTCTTGTCATTGAATATACGGAG	GTATGCAGGTTTTGTTCAAGAAGTG	ACTAAA	NF1	290	ACTATCTAAA	7032	7041	not_found	1	0
291	FBXW7 c.1394G>A	CTCTTTTTTCATGAAGATGCATACA	ACAGTGGAAGTATGCCCATATAAGG	ATGC	FBXW7	291	ACGC	1392	1395	not_found	1	0
292	INPP4A c.2656C>T	GCTGGTGAACCGGACCCCATTAAGG	GGCAGATCTCAGCAGCTTGCCAGAG	CAGC	INPP4A	292	CGGC	2654	2657	not_found	1	0
293	ERBB4 c.916C>T	TACTTCCATCTTGGAACTAGGGCAG	ACACAAGAACTGGAATCTACCACAA	GCACAC	ERBB4	293	GCACGC	915	920	GCACGC	1	0
294	FGFR3 c.1948A>G	CACGGGCAGCCGGCCGTTGGTCGTC	AGTCGAGGTTGTGCACGTCCCGGGC	TCCTTGTAGT	FGFR3	294	TTCTTGTAGT	1940	1949	not_found	1	0
295	BARD1 c.1973G>A	GCTGTTCTCTGTTGAGCCTGCTTCT	GGACCTTCAGGAATTTCATACTTTT	GTGT	BARD1	295	GCGT	1971	1974	GCGT	1	0
296	CUL3 c.362A>G	ACACACGGTCCATGTACATTAGTAT	CTAATCATCACCATAGCTGTTTGAT	GCCT	CUL3	296	GTCT	360	363	not_found	1	0
297	PIK3CB c.1408G>A	CAGTTCCCATTGGATTCAACATTTC	AGTTCATCAGGAAATGAAGACCAGC	TTTG	PIK3CB	297	TTCG	1407	1410	not_found	1	0
298	JAK1 c.715C>T	GAAATCCTTGAAAACATTATTTATC	TCCTGGTGAGAAGGTTCCTCTGTCT	CACA	JAK1	298	CGCA	713	716	CGCA	1	0
299	INPP4A c.1657C>T	ACATCCTCACAGCCCTCGCCATGCA	CCTTCTGCAGCAGCTTGTCCACACG	GCCACT	INPP4A	299	GCCGCT	1655	1660	GCCGCT	1	0
300	MTOR c.479G>A	CAGCTGCATGTCTCCGGCCCTCATT	CAGCACCCAGCCATTCCAGGGCTCG	GTGGT	MTOR	300	GCGGT	476	480	GCGGT	1	0
301	KMT2C c.6196C>T	CCTTTCATAAGGGTCAACAGACAAT	TTGATGCCTGTGACACTGATCCATA	CACC	KMT2C	301	CGCC	6194	6197	CGCC	1	0
302	PIK3CB c.3151G>A	CCAGTTCACTTTAGTAGTCCAGCTT	TGAGCGCCTCATCAAATTTTTGCTT	TTCC	PIK3CB	302	TCCC	3149	3152	TCCC	1	0
303	WHSC1L1 c.1558G>A	TCCCTTTGTTGAATAAACAAATTGA	TAAATTTCCCATCCCCTGTAGCATT	TTGA	WHSC1L1	303	TCGA	1556	1559	not_found	1	0
304	PREX2 c.1063G>A	CCGCCGTTCTCTTTCTTTCAAAATA	TCAAACCATTCATGCTTCTCTTCAG	GTT	PREX2	304	GCT	1062	1064	GCT	1	0
305	PREX2 c.4754G>A	ACAGCCTTGGTGCAGACTGTGGAGT	CTCTGACTCCCAAATTCTTCGCTGT	CTGGT	PREX2	305	CCGGT	4751	4755	not_found	1	0
306	PRDM14 c.1063G>T	AAGGAGCTCTTGGTTCTGATGGATC	TGCAGCTCTCATAAAATATATGCCC	TATT	PRDM14	306	TCTT	1061	1064	TCTT	1	0
307	AGO2 c.2318G>A	GGATCTGCAGCTCATCAGAGGAGAA	TTGTCGTCCCAGAGGACGTGATAGT	ATGA	AGO2	307	ACGA	2316	2319	ACGA	1	0
308	AGO2 c.313C>T	TCCACCTTGTCCCTCCCAATCGGAA	GGCTGTGTATAGATTCTTCCTGCCG	GGGACAT	AGO2	308	GGGGCAT	310	316	not_found	1	0
309	PIK3CA c.2702G>T	TGAAGGTAGCTACACAGTATCCAGC	GAACGTGTAAACAGGTCAATGGCTG	AAAT	PIK3CA	309	ACAT	2700	2703	ACAT	1	0
310	PTPRD c.349C>T	AAGCCCCTGGGAATTTGATCTTCCC	AAAACTGTGAGTCTGGTGGATACAC	AC	PTPRD	310	GC	348	349	not_found	1	1
311	CDKN2B c.91C>T	ATCCGCGCCGGCTTCCAGGAGCTGT	ACCTTCTCCACTAGTCCCCGCGCCG	CAC	CDKN2B	311	CGC	90	92	CGC	1	1
312	SPEN c.4624C>T	CTCTTTTCTCTCTAGATGCTGCAAT	GGAATCTTGTTCAAAGATTGAGCTG	CACTT	SPEN	312	CGCTT	4621	4625	CGCTT	1	0
313	EGFR c.2582T>G	TGGTATTCTTTCTCTTCCGCACCCA	TTGGCCAGCCCAAAATCTGTGATCT	GCCGT	EGFR	313	GCAGT	2580	2584	GCAGT	2	0
314	KRAS c.35G>A	TGTATCGTCAAGGCACTCTTGCCTA	AGCTCCAACTACCACAAGTTTATAT	CGCCATC	KRAS	314	CGCCACC	34	40	CGCCACC	2	0
315	NF1_1 c.1318C>T	ATGAAGTGTTTCACCAAACATATTT	TCAACCGAGTGACAATACACAGCAT	CAAAGT	NF1	315	CGAAGT	1314	1319	CGAAGT	1	0
316	BCOR c.2859A>T	AGCTTAGATGGCTTCGGTTTCAGAA	GCCATCATTTGATTCAGCCTCATCA	CATT	BCOR	316	CTTT	2857	2860	CTTT	1	0
317	PTEN c.892C>T	TATACTGCAAATGCTATCGATTTCT	CACATAGACTTCCATTTTCTACTTT	TAAT	PTEN	317	TGAT	890	893	TGAT	1	0
318	RB1 c.1735C>T	TTCAAGGTGATCAGTTGGTCCTTCT	CCTTTGATTGTTTAATAAGATCAAA	CAGT	RB1	318	CGGT	1733	1736	CGGT	1	0
319	PDGFRA c.2465G>A	TTTTTCCTTGTGCCAGGAGGACGTT	AGCCAGATCACGGTGGACACAATTT	GTGAGC	PDGFRA	319	GCGAGC	2461	2466	not_found	1	0
320	IRS1 c.1791dup	AGGGTGGAGCTGTCTGGGCGGTGGT	CCCCCCGACGCTCCAAGGGGTGCAT	GCCC	IRS1	320	GCC	1790	1792	GCC	1	0
321	STAG2 c.1814del	GCAATAAGGCATCCAAATGCTTTTC	CGTCCAGTGGTATATATTTCCAAAT	TAT	STAG2	321	TAAT	1812	1815	not_found	1	0
322	CD79B c.302A>G	TGGTGAGGGTGGCGAGAGATTCGTT	TCTTCCATGCGGCCCTTTTCCAGCT	CCGGGAC	CD79B	322	CTGGGAC	297	303	CTGGGAC	1	0
323	BRCA1 c.3644A>G	GAAGCTCTTCATCCTCACTAGATAA	TCTTCTGAGGACTCTAATTTCTTGG	GCTC	BRCA1	323	GTTC	3642	3645	GTTC	1	0
324	PIK3R2 c.431C>G	GTGCGGGCAGCTCCGGGCGGTAGTG	TCGCTGTCCAGCCCTGTCCTTTCAA	ACAT	PIK3R2	324	AGAT	429	432	not_found	1	0
325	ERBB3 c.2785C>T	TGTGCAGATCTGGGGCTGTGCCAAC	CCCCCTTCTCTAGCAGGTCTGGTAC	CACT	ERBB3	325	CGCT	2783	2786	CGCT	1	0
326	FYN c.229C>T	TGTCACTCCTGTTCCTCCTCTCGTA	AAGGTCCCCGTATGAGACGAAGAGT	CAC	FYN	326	CGC	228	230	not_found	1	0
327	GRIN2A c.3200G>A	TGTTGTCAGGTTCCCTGTGGCACGT	GACGTTTCTGAAATGTCAGAGTGGG	GGCCTGATTT	GRIN2A	327	GGCCCGATTT	3195	3204	GGCCCGATTT	1	0
328	TP53 c.322G>A	AGAATGCAAGAAGCCCAGACGGAAA	AGCTGCCCTGGTAGGTTTTCTGGGA	CTGT	TP53	328	CCGT	320	323	CCGT	1	0
329	NUP93 c.1967C>T	TCTTCAGCCTCTCCTTGTTGGATTG	ACTGATCTGGGGGACGACAGGGCTC	CAGGGC	NUP93	329	CGGGGC	1963	1968	CGGGGC	1	0
330	BRCA1 c.1789G>A	TGCTTTTGAATTGTGGATATTTAAT	TCCATATTGCTTATACTGCTGCTTA	TTGAGT	BRCA1	330	TCGAGT	1785	1790	TCGAGT	1	0
331	EPHB1 c.1123G>A	CTGCCTGGGCACAAACTCCACATTG	CACAGCGGGAGCAGCTCCGGCGGTC	TTGT	EPHB1	331	TCGT	1121	1124	TCGT	1	0
332	PIK3CA c.1258T>C	GTTTATATTTCCCCATGCCAATGGA	GTTCCTCTTTAGCACCCTTTCGGCC	CGGT	PIK3CA	332	CAGT	1256	1259	not_found	1	0
333	PLCG2 c.2263G>A	CTGGGATCCACATACATTCTGCTGA	CGTAGAGGGAGTTTATATCTCTTTC	TGT	PLCG2	333	CGT	2261	2263	CGT	1	1
334	TP53 c.68G>A	GAACGTTGTTTTCAGGAAGTAGTTT	AGGTCTGAAAATGTTTCCTGACTCA	CTAT	TP53	334	CCAT	66	69	not_found	1	0
335	CSF3R c.1316C>T	CTACCCAGAGGCTGTGAGGGTCTCG	GGCATGGAGTCTGGTCAGAGCTGGG	GACCAT	CSF3R	335	GGCCAT	1312	1317	GGCCAT	1	0
336	PIK3CD c.898C>T	CGCAGGAATGGGAGGTGGTTTGGCA	TTCTGGACCTGGGGGGCAGGGTTGC	CACGGT	PIK3CD	336	CGCGGT	894	899	CGCGGT	1	0
337	JAK3 c.62C>T	AGCAGCACATGCAGGGCACCAGCCT	GGACAAGAGGCTGCATGAACGCTGA	CCAT	JAK3	337	CCGT	61	64	CCGT	1	0
338	ATRX c.1079_1082del	TTTAACATAACTGGAGTTCATGTTG	CAGTTTTTTTGCCTTCTTAATCATC	GCTGTGGTCT	ATRX	338	GCTGTGGTCTCAAT	1078	1091	GCTGTGGTCTCAAT	1	0
339	MED12 c.245G>A	GACCAGTGTCAGGAAGGGTATTACA	TTTCTCTGCAATAATGCTGCTGAAG	ATGTAA	MED12	339	ACGTAA	241	246	ACGTAA	1	0
340	ARID2 c.3493C>T	TATGGTTACCTGGTTGCCAGAAGTC	TGGTTGCTGGGCTATTTGAGATCAG	CCTTAGAAAA	ARID2	340	CCTTGGAAAA	3488	3497	CCTTGGAAAA	1	0
341	MSH2 c.1300G>A	ATCAGTAAGAGGAGTCACAAAAACT	ACAATAATTTCTGGTGTTTTCCTTC	GTCA	MSH2	341	GCCA	1298	1301	not_found	1	0
342	SPEN c.8755G>A	TGCCTCCCTGGGTGACAGGCGTGGA	GAGGTGAATGGGCTCGGGCTTCTCC	CATCGA	SPEN	342	CACCGA	8752	8757	CACCGA	1	0
343	MAP3K1 c.746G>A	ATGGGGAGTTGCCAGGAGAAGGACT	CGGCCTTTGGAAGCTGGTGAAGCCG	GTGT	MAP3K1	343	GCGT	744	747	GCGT	1	0
344	POLE c.5554C>T	ACCCCAGGCGCTTGAACTCAGCGAT	TGCAGGAAGAGCTTCTTCATCATGT	GAAC	POLE	344	GAGC	5553	5556	GAGCCTGTGGAGCAAGTTGA...	2	0
345	RPS6KB2 c.359G>A	GGTGCTTCACTGACTCTAGAATGTT	TCAGCCCGTGTGTGTGCTGTGTCCT	CTGC	RPS6KB2	345	CCGC	357	360	CCGC	1	0
346	DROSHA c.2768G>A	ACTTTTCTGTCTCCGTATTTGGGCT	CCACAGTTAGATAATGAATTCCTGG	GCTGAATT	DROSHA	346	GCCGAATT	2763	2770	GCCGAATT	2	0
347	DROSHA c.3598G>A	CCTCTTGGTCTTGTCGTTGGTTATG	ACTCCTGCATGCCCAGCTCCTCCGC	GTGT	DROSHA	347	GCGT	3596	3599	GCGT	1	0
348	POLE c.3614C>T	CCTCCATGTCAGGAGCACTTGGCCT	TGTCTTCTGAGGCCTCGGCCATCGT	CAGAC	POLE	348	CGGAC	3611	3615	CGGAC	1	0
349	ALK c.3542G>A	GGGATTGCAGGCTCACCCCAATGCA	AATGTTCTGGTGGTTGAATTTGCTG	GTGAAC	ALK	349	GCGAAC	3538	3543	GCGAAC	1	0
350	POLE c.1277C>T	ATCATAGCCTAGCTTGGCCTTGGCG	GAGATTATGACTGCCCACAGGAAGG	GCCACCTT	POLE	350	GCCGCCTT	1273	1280	GCCGCCTT	1	0
351	FAT1 c.4880G>A	TTAAATCATACTCCGCTTGGTTACT	TCTAATTCTTTGGCAGTTTTAATAG	TTGA	FAT1	351	TCGA	4878	4881	TCGA	1	0
352	RFWD2 c.1847C>T	CACAGTTTTAGCTGACTGTCTGTTG	AGAGACAATTTCCTCACCACTCACA	AGAC	RFWD2	352	AGGC	1846	1849	AGCTGAGGAAAAGTACAAAG...	1	0
353	REL c.938G>A	GTTCAAGACCATCCTGGTCAACATG	AAACCCTGTTTCTACGTGATCCTGG	GTG	REL	353	GCG	937	939	not_found	1	0
354	EP300 c.4586G>A	TGCTTTCATTGCTGGTGTTTTCCTC	TTTCTCTCTTCTTCCTCCTGTTCCA	TTGT	EP300	354	TCGT	4584	4587	TCGT	1	0
355	ASXL2 c.4157C>T	CCTCTATGCTGTTCTCTTCGGAGAA	TGAACAGGAATGGTCTGGCCATGGC	CACC	ASXL2	355	CGCC	4155	4158	CGCC	1	0
356	EGFR c.1994G>A	CGATGTGGCGCCTTCGCATGAAGAG	TCCCCAGGGCCACCACCAGCAGCAA	GTCGA	EGFR	356	GCCGA	1991	1995	GCCGA	2	0
357	CDKN2A c.387C>G	TGCCTCTGGTGCCCCCCGCAGCCGC	ACCGTGCGACATCGCGATGGCCCAG	GCGCAGCT	CDKN2A	357	GCGCAGGT	386	393	GCGCAGGT	1	1
358	ERF c.536G>A	ACTGACTGAGCCTCGGCCCAGGCGG	GCCACCACAGCCGAGAAGAGGGAAG	TGG	ERF	358	CGG	534	536	CGG	1	1
359	ARID1A c.2098G>A	CTGAGCAACACTGGCGGGAGAGCCA	GGGGACGGGGAAGGGCCTCGGATGC	ATA	ARID1A	359	ACA	2097	2099	ACA	1	0
360	PIK3C2G c.3896G>T	CCTCAGAGAGGAAAAAGCTAAGTAC	CACTGTTTGTAACTTCATGTGATAC	AAAAT	PIK3C2G	360	ACAAT	3893	3897	not_found	1	0
361	CARD11 c.1145C>T	TCTGAGCTTCATCTCGGGAGTGGAA	TGGTCCCGCTCCCGCTCCACCTCCT	GACC	CARD11	361	GGCC	1143	1146	GGCCTGCCAGGGAGAAGCGG...	1	0
362	MUTYH c.1145G>A	GGAACTCCCACAGTCCTGCCAGCAG	GAGTTGGGCCTCTGCACCAGCAGAA	ATCT	MUTYH	362	ACCT	1143	1146	ACCTGAGAGGGAGGGCAGCC...	1	0
363	FLT4 c.640G>A	ACCAGGAAGGGGTTGGAAAGGAAGT	TGGTCTCCCCAGGTGGTCTCGCACT	TC	FLT4	363	CC	639	640	CC	1	1
364	ESR1 c.1082C>T	AATCCACAAAGCCTGGCACCCTCTT	CAGTTGATCATGTGAACCAGCTCCC	CACC	ESR1	364	CGCC	1080	1083	not_found	1	0
365	FAT1 c.9242C>T	TTGCTCCTCACGATCAAGGGGGGTT	TCAGTTCACCTGTGTCTGGATTTAG	GACATTT	FAT1	365	GACGTTT	9239	9245	not_found	1	0
366	TSC2 c.5228G>A	TGGCGGAGCCGCTTGATGTGGCGGA	GGCAATCCACTTGGAGGGGTAGATA	GCTG	TSC2	366	GCCG	5227	5230	GCCG	1	0
367	PIK3R1 c.1558_1561del	ATCATAATTATGCATAATCCTTTGT	CTCATTGCCTTCACGTTTAAACTTT	ATTT	PIK3R1	367	ATTTCTTT	1555	1562	not_found	1	0
368	EP300 c.4933C>T	GCACATGGTGGACCACTGGGCTCTT	GAAGAGAACTCCAGGTGCTTGTCCC	CAGAGT	EP300	368	CGGAGT	4929	4934	CGGAGT	1	0
369	EPHB1 c.1910G>A	TTCCCTCTTGCCTGGCAGTTTCAAA	TTGTACACTTCTCCAAACTCCCCTG	TGCCCC	EPHB1	369	CGCCCC	1905	1910	CGCCCC	1	1
370	ATRX c.1147dup	CTGACGTAATTTTGTAGCAGAACTG	TCTGAATTATCTGTTGCCTGCTTTA	ATTT	ATRX	370	ATT	1146	1148	ATT	1	0
371	PLCG2 c.1661C>T	AACCAGGAAGGTGCCATCCTTGCCC	CTCCATGCAGTATTCCTGCAGCAAC	CCCAT	PLCG2	371	CCCGT	1660	1664	CCCGT	1	0
372	FBXW7 c.1762G>T	CAGAGACAAGAATATTGTCTTTGAG	ATTCCACTTGTTAACGACTGGTGCC	TTAC	FBXW7	372	TTCC	1761	1764	TTCC	1	0
373	TP53 0bp_0	GTTCAATATCGTCCGGGGACAGCAT	CAAATCATCCATTGCTTGGGACGGC		TP53	373		[130, 13]	[129, 12]		1	0
374	PTEN 0bp_0	TTTTTATGCTTTGAATCCAAAAACC	TTACTACATCATCAATATTGTTCCT		PTEN	374		164	163	['', 'TTAAAACAAAACAA...	1	0
375	EGFR 0bp_0	CCACTGTGTTGAGGGCAATGAGGAC	ATAACCAGCCACCTCCTGGATGGTC		EGFR	375		265	264		1	0
376	PIK3CA 0bp_0	GGCATCAAGTGGATGCCCCACAGTT	CACCTGATGATGGTCGTGGAGGCAT		PIK3CA	376		26	25		1	0
377	PTPN11 0bp	CTTGTCAACAGTAGGTTTTCTGCCT	CCACACCAGTGATATTTGGGTGAAA		PTPN11	377		44	43		1	0
378	PIK3R1 0bp	AAGTCAATATCTTCTTCTCTTTCCT	TTTTATAATCATACAGCGCTCTGTA		PIK3R1	378		47	46		1	0
379	SPEN 0bp	CTTCTCTTCCCGCACGTTCTCGGGT	AAGTTGCCCACCCAGAGATGCCTGG		SPEN	379		39	38		1	0
380	NF1_0 0bp	GGTATGTGTGTTCTGCTGTCCTGTT	TTTATTGGAAGCTGCTCGTCGAAGC		NF1	380		72	71	not_found	1	0
381	ATRX 0bp_0	GTCATGAAGCTTCTGCACCAATGTA	TTCAACTTGCTTTCACTCATGGGCT		ATRX	381		36	35	not_found	1	0
382	FAT1 0bp_0	GACGTTGTACTCGAGGTGTGTAAAC	TGCAGAGGAGTCTGTTCAAGTCGTT		FAT1	382		99	98		1	0
383	EGFR VIII	GAGCCGTGATCTGTCACCACATAAT	CTTTCTTTTCCTCCAGAGCCCGACT	TACA	EGFR	383	['TACGGGGACACTTCTTCACGCAGGTGGCACCAAAGCTGTATTTGCCCTCGGGGTTCACATCCATCTGGTACGTGGTGGGGTTGTAGAGCATGAGTGGGGGGCAGGTGTCCTTGCACGTGGCTTCGTCTCGGAATTTGCGGCAGACCAGGCAGTCGCTCTCCCGGGGGCCTGTGCAGCCTGCAGCACACTGGTTGTGGCAGCAGTCACTGGGGGACTTGCCACGGCAGCGCCCGGAGCACTGCTGGGCACAGATGATTTTGGTCAGTTTCTGGCAGTTCTCCTCTCCTGCACCCCAGCAGCTCCCATTGGGACAGCTTGGATCACACTTTTGGCCCTGTAAATTTCTCATGGGCAGCTCCTTCAGTCCGGTTTTATTTGCATCATAGTTAGATAAGACTGCTAAGGCATAGGAATTTTCGTAGTACATATTTCCTCTGATGATCTGCAGGTTTTCCAAAGGAATTCGCTCCACTGTGTTGAGGGCAATGAGGACATAACCAGCCACCTCCTGGATGGTCTTTAAGAAGGAAAGATCATAATTCCTCTGCACATAGGTAATTTCCAAATTCCCAAGGACCACCTCACAGTTATTGAACATCCTCTGGAGGCTGAGAAAATGATCTTCAAAAGTGCCCAACTGCGTGAGCTTGTTACTCGTGCCTTGGCAAA', 'TACGGGGACACTTCTTCACGCAGGTGGCACCAAAGCTGTATTTGCCCTCGGGGTTCACATCCATCTGGTACGTGGTGGGGTTGTAGAGCATGAGTGGGGGGCAGGTGTCCTTGCACGTGGCTTCGTCTCGGAATTTGCGGCAGACCAGGCAGTCGCTCTCCCGGGGGCCTGTGCAGCCTGCAGCACACTGGTTGTGGCAGCAGTCACTGGGGGACTTGCCACGGCAGCGCCCGGAGCACTGCTGGGCACAGATGATTTTGGTCAGTTTCTGGCAGTTCTCCTCTCCTGCACCCCAGCAGCTCCCATTGGGACAGCTTGGATCACACTTTTGGCAGCTGCCCAGGTGGTTCTGGAAGTCCATCGACATGTTGCTGAGAAAGTCACTGCTGACTATGTCCCGCCACTGGATGCTCTCCACGTTGCACAGGGCAGGGTTGTTGCTGAACCGCACGGCGCCATGCAGGATTTCCTGTAAATTTCTCATGGGCAGCTCCTTCAGTCCGGTTTTATTTGCATCATAGTTAGATAAGACTGCTAAGGCATAGGAATTTTCGTAGTACATATTTCCTCTGATGATCTGCAGGTTTTCCAAAGGAATTCGCTCCACTGTGTTGAGGGCAATGAGGACATAACCAGCCACCTCCTGGATGGTCTTTAAGAAGGAAAGATCATAATTCCTCTGCACATAGGTAATTTCCAAATTCCCAAGGACCACCTCACAGTTATTGAACATCCTCTGGAGGCTGAGAAAATGATCTTCAAAAGTGCCCAACTGCGTGAGCTTGTTACTCGTGCCTTGGCAAA']	[89]	[892, 757]	TACCTGGGGAAGAGAGCATG...	1	0
