,name,genotype,allele_call,variant,count,correct
0,SBNO1 c.627G>A,wt,ref,rhs,85417,True
1,SPN c.879C>T,wt,ref,rhs,51808,True
2,SPN c.879C>T,mutated,alt,rhs,40643,True
3,LATS1 c.1591C>T,wt,ref,lhs,35910,True
4,CEP350 c.4336A>G,wt,ref,lhs,33878,True
5,MKI67 c.8158A>C,wt,ref,lhs,31721,True
6,MKI67 c.8158A>C,mutated,alt,lhs,25820,True
7,SACS c.7497C>T,wt,ref,lhs,25539,True
8,ANO10 c.799A>G,wt,ref,rhs,24878,True
9,TP53 c.405insC,wt,ref,rhs,24783,True
10,SPN c.879C>T,mutated,ref,rhs,24030,False
11,NCBP1 c.1428G>A,wt,ref,lhs,22188,True
12,SPN c.879C>T,wt,alt,rhs,18963,False
13,ARFGEF2 c.1294A>G,wt,ref,lhs,17855,True
14,TTF2 c.382G>A,wt,ref,rhs,15949,True
15,GLB1 c.1824G>C,wt,ref,rhs,14751,True
16,TP53 c.742C>T,wt,ref,rhs,14717,True
17,KIF20B c.4945A>G,mutated,alt,rhs,14195,True
18,JAK2 c.1849G>T,mutated,alt,lhs,14182,True
19,QSOX2 c.376A>G,wt,ref,rhs,13889,True
20,HTT c.8157G>A,wt,ref,rhs,13042,True
21,SETD5 c.4131C>T,wt,ref,lhs,12951,True
22,MFSD12 c.1202G>T,wt,ref,rhs,12776,True
23,AKAP9 c.1389G>T,wt,ref,rhs,10566,True
24,SLC39A11 c.168T>C,wt,ref,lhs,9991,True
25,KIF20B c.4945A>G,wt,ref,rhs,9220,True
26,JAK2 c.1849G>T,wt,ref,lhs,9150,True
27,SETD5 c.4131C>T,mutated,alt,lhs,9031,True
28,MGA c.3808T>C,wt,ref,lhs,8451,True
29,TP53 c.742C>T,mutated,alt,rhs,7610,True
30,MKI67 c.8158A>C,mutated,ref,lhs,7260,False
31,TAF1B c.1386G>T,mutated,alt,lhs,7035,True
32,MADD c.1440T>C,wt,ref,lhs,6609,True
33,SACS c.7497C>T,mutated,alt,lhs,6087,True
34,MON1A c.501T>C,wt,ref,rhs,5711,True
35,QSOX2 c.376A>G,mutated,alt,rhs,5618,True
36,LMTK2 c.3852A>G,wt,ref,rhs,4963,True
37,ZKSCAN5 c.1566A>G,wt,ref,lhs,4716,True
38,ZNF609 c.2601C>T,wt,ref,rhs,4658,True
39,SLC23A2 c.1417G>A,wt,ref,lhs,4503,True
40,NCBP1 c.1428G>A,mutated,alt,lhs,3052,True
41,HTT c.8157G>A,mutated,ref,rhs,3015,False
42,SBNO1 c.627G>A,wt,alt,rhs,2946,False
43,ARFGEF2 c.1294A>G,wt,alt,lhs,2716,False
44,AKAP9 c.1389G>T,mutated,alt,rhs,2613,True
45,LATS1 c.1591C>T,wt,alt,lhs,2377,False
46,TTF2 c.382G>A,wt,alt,rhs,2348,False
47,QSOX2 c.376A>G,wt,alt,rhs,2257,False
48,HTT c.8157G>A,mutated,alt,rhs,1927,True
49,PARP9 c.1444A>G,wt,ref,rhs,1704,True
50,NCBP1 c.1428G>A,mutated,ref,lhs,1680,False
51,CEP350 c.4336A>G,mutated,alt,lhs,1431,True
52,TP53 c.742C>T,mutated,ref,rhs,1329,False
53,SETD5 c.4131C>T,mutated,ref,lhs,1140,False
54,SETD5 c.4131C>T,wt,alt,lhs,1124,False
55,QSOX2 c.376A>G,mutated,ref,rhs,1089,False
56,KIF20B c.4945A>G,mutated,ref,rhs,1049,False
57,JAK2 c.1849G>T,mutated,ref,lhs,1026,False
58,SACS c.7497C>T,mutated,ref,lhs,1002,False
59,TP53 c.405insC,mutated,alt,rhs,911,True
60,ANO10 c.799A>G,wt,alt,rhs,850,False
61,HTT c.8157G>A,wt,alt,rhs,831,False
62,TP53 c.742C>T,wt,alt,rhs,689,False
63,NCBP1 c.1428G>A,wt,alt,lhs,649,False
64,AKAP9 c.1389G>T,wt,alt,rhs,612,False
65,LMTK2 c.3852A>G,mutated,alt,rhs,592,True
66,TAF1B c.1386G>T,mutated,ref,lhs,505,False
67,TP53 c.405insC,mutated,ref,rhs,460,False
68,MADD c.1440T>C,wt,alt,lhs,436,False
69,JAK2 c.1849G>T,wt,alt,lhs,372,False
70,LMTK2 c.3852A>G,mutated,ref,rhs,366,False
71,SACS c.7497C>T,wt,alt,lhs,363,False
72,ZKSCAN5 c.1566A>G,wt,alt,lhs,309,False
73,KIF20B c.4945A>G,wt,alt,rhs,294,False
74,MKI67 c.8158A>C,wt,alt,lhs,275,False
75,CEP350 c.4336A>G,mutated,ref,lhs,231,False
76,MON1A c.501T>C,wt,alt,rhs,217,False
77,PARP9 c.1444A>G,wt,alt,rhs,216,False
78,ZNF609 c.2601C>T,wt,alt,rhs,173,False
79,AKAP9 c.1389G>T,mutated,ref,rhs,169,False
80,LMTK2 c.3852A>G,wt,alt,rhs,161,False
81,MGA c.3808T>C,wt,alt,lhs,151,False
82,MFSD12 c.1202G>T,wt,alt,rhs,143,False
83,GLB1 c.1824G>C,wt,alt,rhs,92,False
84,SLC39A11 c.168T>C,wt,alt,lhs,85,False
85,CEP350 c.4336A>G,wt,alt,lhs,57,False
86,TP53 c.405insC,wt,alt,rhs,31,False
87,SLC23A2 c.1417G>A,wt,alt,lhs,21,False
