probe_idx,name,gapfill,gapfill_from_transcriptome,gapfill_start,gap_probe_sequence,lhs_probe,rhs_probe,likelihood,frequency,count_of_this_gapfill,count_of_this_probe
19,JAK2 c.731A>G,GGCTTT,GGCTTT,730,GGCTCT,ACTTAAGTTTCAAGTTTCTGGCAGT,GCATTGGCTGAATTGCTGAATAAAT,0.9810645848898527,0.9967051070840197,605.0,607.0
22,U2AF1 c.470A>C,ACTG,ACTG,469,ACGG,CCTCGTGTGCATTCTCCCATCTCAT,ACGGCAGCAGGCTTCTCTGAAGTCC,0.9810645848898527,0.9893977947413062,2333.0,2358.0
23,SETD2 c.4702A>G,TTGGC,TTGGC,4699,TCGGC,GACAAAGGTGTTCGAAGGAAGGTCT,AGCTCTCAAGCCCCAGCCTTTCTTT,0.9810645848898527,0.9578947368421052,455.0,475.0
32,JAK2 c.3187_3189,TACGC,TACGC,3186,TACGC,TGTCCTTGTTTGTCATTGCCAATCA,ATAAATTCCGCTGGTGGACTTTTAC,0.9810645848898527,0.9406307977736549,507.0,539.0
44,NFE2 c.190_194del,AGTAAGTT,AGTAAGTT,189,AGT,GAATCTGGGTGGATTGAGCAGGGGC,GTGGGTGGTGGAGGTCCAAGGTATG,0.9810645848898527,0.9886702444841979,1658.0,1677.0
48,SRSF2 c.161C>T,GGAC,GGAC,159,GAAC,GAAAGCGAACGAAGGCGAAGCCGCG,TCCTTGGTGTAGCGGTCCCGCGGGA,0.9810645848898527,0.9942170818505338,4470.0,4496.0
55,GATA2 c.1192C>T,GGT,GGT,1190,AGT,TTCTTGGACTTGTTGGACATCTTCC,TCCGAGTCTGGATCCCTTCCTTCTT,0.9810646330903435,0.9860724233983287,708.0,718.0
57,RUNX1 c.1103dupC,CGGGCC,CGGGCC,1099,CGGGGCC,GGTAGGAGGGCGAGCTGGCTTGGAA,TCCCTGCGCTTGCGACGAGCCGGGG,0.9810645848898527,0.9869706840390879,2121.0,2149.0
93,NFE2 c.782_785del_1,,,762,,GCTCTCTGTCAGCGGGTACCTTGCC,AATAGCTCATTAAAGTCATCTACCG,0.9810960673050817,0.9988308651597818,2563.0,2566.0
2,TP53 c.818G>A,ACGC,ACGC,816,ATGC,GGTCTCTCCCAGGACAGGCACAAAC,ACCTCAAAGCTGTTCCGTCCCAGTA,0.9810645848898527,0.9632571996027806,970.0,1007.0
4,CALR c.1150_1154delinsTGTC,CTTGTCC,CTTGTCC,1149,CGACAC,CCTCATCTTTGTCCTCATCATCCTC,TCTGCCTCCTCCTCCTCTTTGCGTT,0.9810645848898527,0.9591210211665859,5936.0,6189.0
5,JAK2 c.1849G>T,AAC,CAC,1847,AAC,TGAACCAGAATATTCTCGTCTCCACAGA,ATACTCCATAATTTAAAACCAAATGCTTGTGAGAAAGCTTGCTC,0.0024721534072314534,0.37254901960784315,304.0,816.0
6,IDH2 c.419G>A,CCGGAT,CCGGAT,415,CTGGAT,GGAAGACAGTCCCCCCCAGGATGTT,AGTTCCATTGGGACTTTTCCACATC,0.9810645848898527,0.9777777777777777,2112.0,2160.0
7,NRAS c.35G>A,ACCT,ACCT,33,ATCT,TTGTCAGTGCGCTTTTCCCAACACC,GCTCCAACCACCACCAGTTTGTACT,0.9810645848898527,0.9878714372346877,1629.0,1649.0
14,SH2B3 c.894G>A,TCCA,TCCA,892,TTCA,CCTGTGCACTCCGAGAGCTCAGCCA,TGAATTCAGCTGCTGCTCGTCTCCC,0.9810645848898527,0.9778982485404504,2345.0,2398.0
26,TET2 c.4249G>T,ACGT,ACGT,4247,AAGT,GTCAGAGACTTTGTATAAAGGCAGA,GAAGCTGCTCATCCTCAGGTTTTCC,0.9810645848898527,0.9848066298342542,713.0,724.0
27,ASXL1 c.4183C>G,CCAGT,CCAGT,4182,CCACT,AAGGGCATCCCTTCCAAGTGACCCA,TCCAGGGGACTATGCCCAGTAGCTT,0.9810645848898527,0.9920844327176781,376.0,379.0
33,TET2 c.2908dupA,GTTT,GTT,2907,GTTT,GTGCATCTGACTATGGCAAGACTCA,TGGGGTTGCTGTGTTTGCTGCTGTT,0.0033718935883874468,0.5244658855961406,761.0,1451.0
52,NFE2 c.137dupC,GGCT,GGCT,134,GGGCT,AGCTGGGGCTTGGGGCTCAAATGAT,CACTTGGAGCATTCAGACCCTGCAG,0.9810645848898527,0.9831871345029239,2690.0,2736.0
53,CBL c.1259G>A,TCGGC,TCGGC,1256,TTGGC,TGGGTTCAGTACCTTTAATTTCACA,AGAAAGGACAGCCCTGACCTTCTGA,0.9810645848898527,0.9623334864492421,2095.0,2177.0
91,TP53 c.919_920,GC,GC,919,GTT,AGAGGAGCTGGTGTTGTTGGGCAGT,TCGCTTAGTGCTCCCTGGGGGCAGC,0.9810646330903435,0.9888888888888889,712.0,720.0
3,EZH2 c.2054G>A,ACGAA,ACGAA,2051,ATGAA,TTGGATTTACCGAATGATTTGCAAA,TTTTGTTACCCTTGCGGGTTGCATC,0.9810645848898527,0.9696969696969697,96.0,99.0
4,CALR c.1150_1154delinsTGTC,C,CTTGTCC,1149,CGACAC,CCTCATCTTTGTCCTCATCATCCTC,TCTGCCTCCTCCTCCTCTTTGCGTT,,0.014218775246404912,88.0,6189.0
5,JAK2 c.1849G>T,CAC,CAC,1847,AAC,TGAACCAGAATATTCTCGTCTCCACAGA,ATACTCCATAATTTAAAACCAAATGCTTGTGAGAAAGCTTGCTC,0.9810645848898527,0.6029411764705882,492.0,816.0
12,MPL c.1771T>G,TAGT,TAGT,1769,TCGT,CAGGCAAGAAGGCTGCAATCTTCGG,CCATCTGGGCCTGGGAGGAACACAG,0.9810645848898527,0.9942363112391931,345.0,347.0
15,JAK2 c.892T>C,CACT,CACT,890,CGCT,ACTTTCTTTATGTTTCCCTCTTGAC,GAATTCCACCGTTTCCAGTTATTAT,0.9810645848898527,0.9902676399026764,814.0,822.0
16,NFE2 c.817C>T,CGT,CGT,816,CAT,CTGGGCTGCCACCTTGTTTTTGCCC,CGTCGGATGTCCCGGACTAGCGCTA,0.9810645848898527,0.9720823798627002,2124.0,2185.0
20,TET2 c.685dupA,GTT,GTT,684,GTTT,ACAATCTGGATAATATTGAGACAGT,TTTTCCAGGAGTTCACCATGTGTGT,0.9810646330903435,0.7749287749287749,272.0,351.0
21,TET2 c.5618T>C,AAT,AAT,5617,AGT,CATGCAGCTCACGCTTTGCACACTC,GAGAATTGACCCATGAGTTGGAGCC,0.9810646330903435,0.9856373429084381,549.0,557.0
28,TET2 c.4021dupG,GCA,GCA,4020,GCCA,AATCTGATTATTATATGCATCAGGT,AGTTTCTTATATGTTGGTGCCATAA,0.9810645848898527,0.9707401032702238,564.0,581.0
33,TET2 c.2908dupA,GTT,GTT,2907,GTTT,GTGCATCTGACTATGGCAAGACTCA,TGGGGTTGCTGTGTTTGCTGCTGTT,0.9810646330903435,0.47139903514817366,684.0,1451.0
39,TET2 c.2439_2440insA,CGAT,CGAT,2438,CGATT,GGTCTGACTATAAGGGGAATTTCTA,TTATATTCTGTACTTCCTCCAGTCC,0.9810645848898527,0.9619565217391305,531.0,552.0
40,ASXL1 c.2407C>T,TGCT,TGCT,2405,TACT,ATTGTCTGCAGGAACGGTGGGTCCT,CCTCATCATCACTTTCCCAGGAAGT,0.9810645848898527,0.9934036939313984,753.0,758.0
42,SF3B1 c.2098A>G,CTTTCT,CTTTCT,2096,CTTCCT,ATGGCCAAAGCACTGATGGTCCGAA,GCTGCTCATCCACAAGACCATGTTC,0.9810645848898527,0.9785637727759914,2739.0,2799.0
43,SF3B1 c.1998G>T,ATCT,ATCT,1997,ATAT,CATAAGAATAGCTATCTGTTGTACA,TAATACCAGTGTGTCTCGCTTGCCA,0.9810645848898527,0.9696356275303644,479.0,494.0
44,NFE2 c.190_194del,GTAAGTT,AGTAAGTT,189,AGT,GAATCTGGGTGGATTGAGCAGGGGC,GTGGGTGGTGGAGGTCCAAGGTATG,0.003304870569043036,0.005366726296958855,9.0,1677.0
46,KRAS c.173C>T,CTGT,CTGT,172,CTAT,ATTGCACTGTACTCCTCTTGACCTG,GTCGAGAATATCCAAGAGACAGGTT,0.9810645848898527,0.9905277401894452,732.0,739.0
88,TET2 c.4537_4539,TTC,TTC,4537,,TGACTGGTCCTGAAAGTCGCAAAAG,TGCCAACTGTTTAGCCTGGCTTGCG,0.9810646330903435,0.9874213836477987,471.0,477.0
92,NFE2 c.782_785del_0,,,,,GCTGGCTGTCAGCGGGTACCTTGCC,AATAGCTCATTAAAGTCATCTACCG,0.9810960673050817,1.0,40.0,40.0
0,TP53 c.659A>G,TA,TA,658,CA,GTCAGAGCCAACCTCAGGCGGCTCA,GGGCACCACCACACTATGTCGAAAA,0.9810646330903435,0.979381443298969,95.0,97.0
4,CALR c.1150_1154delinsTGTC,CTTGTC,CTTGTCC,1149,CGACAC,CCTCATCTTTGTCCTCATCATCCTC,TCTGCCTCCTCCTCCTCTTTGCGTT,0.004165039873879004,0.0009694619486185168,6.0,6189.0
7,NRAS c.35G>A,TCCT,ACCT,33,ATCT,TTGTCAGTGCGCTTTTCCCAACACC,GCTCCAACCACCACCAGTTTGTACT,0.002472125039396936,0.001212856276531231,2.0,1649.0
8,TP53 c.536A>G,ATG,ATG,535,ACG,GACCATCGCTATCTGAGCAGCGCTC,GTGGGGGCAGCGCCTCACAACCTCC,0.9810645848898527,0.9724770642201835,106.0,109.0
18,TP53 c.742C>T,CGGT,CGGT,740,CAGT,TGTGATGATGGTGAGGATGGGCCTC,TCATGCCGCCCATGCAGGAACTGTT,0.9810645848898527,0.9818181818181818,864.0,880.0
23,SETD2 c.4702A>G,ATGGC,TTGGC,4699,TCGGC,GACAAAGGTGTTCGAAGGAAGGTCT,AGCTCTCAAGCCCCAGCCTTTCTTT,0.002472125039396936,0.004210526315789474,2.0,475.0
29,TP53 c.393_395del,ATCTTGT,ATCTTGT,392,ATCT,GCAGGTCTTGGCCAGTTGGCAAAAC,TGAGGGCAGGGGAGTACGTGCAAGT,0.9810645848898527,0.96,264.0,275.0
30,TP53 c.321C>G,CGT,CGT,320,CCT,GAATGCAAGAAGCCCAGACGGAAAC,AGCTGCCCTGGTAGGTTTTCTGGGA,0.9810645848898527,0.9792060491493384,518.0,529.0
47,ASXL1 c.1636C>T,TGA,TGA,1635,TAA,ACTTTCAATTGTGTTACGAAAGGAC,CGATCTTCAAGCCGGGGCTTCTTTT,0.9810645848898527,0.9942660550458715,867.0,872.0
51,PTPN11 c.1508G>A,TCCC,TCCC,1507,TCTC,CGGTACTGTGCTTCTGTCTGGACCA,TGACCTCTGAGACCGCACCATCTGG,0.9810646330903435,0.981941309255079,435.0,443.0
94,ASXL1 c.2081_2099dup_1,,,2070,,ATTTAGAGGATAAGGCGGCAGTAGT,TGTGTTCGCTGTAGATCTGACGTAC,0.9810960673050817,0.9691067830758898,1443.0,1489.0
9,IDH1 c.395G>A,ACGA,ACGA,393,ATGA,CTCTGTATTGATCCCCATAAGCATG,CCTATGATGATAGGTTTTACCCATC,0.9810645848898527,0.9933774834437086,150.0,151.0
28,TET2 c.4021dupG,CC,GCA,4020,GCCA,AATCTGATTATTATATGCATCAGGT,AGTTTCTTATATGTTGGTGCCATAA,1.868673691534836e-05,0.0051635111876075735,3.0,581.0
30,TP53 c.321C>G,CGC,CGT,320,CCT,GAATGCAAGAAGCCCAGACGGAAAC,AGCTGCCCTGGTAGGTTTTCTGGGA,0.002472125039396936,0.001890359168241966,1.0,529.0
50,SH2B3 c.1527del,GAGCC,GAGCC,1526,GAGC,ATCGCCCTGGGAGACCCTCTGGGCT,CCCGGGGACAGCCAGAAGAACTAAG,0.9810645848898527,0.9943117178612059,874.0,879.0
10,DNMT3A c.2644C>T,CGGCT,CGGCT,2641,CAGCT,GCCCAGCAGTCTCTGCCTCGCCAAG,CATGTTGGAGACGTCAGTATAGTGG,0.9810645848898527,0.9802631578947368,447.0,456.0
37,SETBP1 c.2602G>A,TCGC,TCGC,2600,TTGC,GTTGTTGTCTGTCCCAATGCCGCTG,TGGGGATCGTCTCCTCACTGTGGGA,0.9810645848898527,0.9737991266375546,223.0,229.0
4,CALR c.1150_1154delinsTGTC,ATTGTCC,CTTGTCC,1149,CGACAC,CCTCATCTTTGTCCTCATCATCCTC,TCTGCCTCCTCCTCCTCTTTGCGTT,0.002472125039396936,0.001777346905800614,11.0,6189.0
41,ASXL1 c.2245_2246insGG,GGGGAGT,GGGGAGT,2244,GGGGAGCCT,ATGGCTGGTCCCCAGTGGGAGCAAC,TGGGAGGCATCTCCTAGCCCATCTG,0.9810645848898527,0.9910581222056631,665.0,671.0
54,ASXL1 c.1249C>T,CGGA,CGGA,1247,CAGA,GTACAGATTCCTTCTGGCTCTGGTT,GATCTGGCCGAGAGCGTTTCTTAAA,0.9810645848898527,0.9938271604938271,644.0,648.0
53,CBL c.1259G>A,CGGC,TCGGC,1256,TTGGC,TGGGTTCAGTACCTTTAATTTCACA,AGAAAGGACAGCCCTGACCTTCTGA,0.003304870569043036,0.0022967386311437757,5.0,2177.0
52,NFE2 c.137dupC,GCT,GGCT,134,GGGCT,AGCTGGGGCTTGGGGCTCAAATGAT,CACTTGGAGCATTCAGACCCTGCAG,0.003304870569043036,0.005847953216374269,16.0,2736.0
42,SF3B1 c.2098A>G,CTTCT,CTTTCT,2096,CTTCCT,ATGGCCAAAGCACTGATGGTCCGAA,GCTGCTCATCCACAAGACCATGTTC,8.265261159537971e-06,0.006073597713469096,17.0,2799.0
1,ZRSR2 c.883C>T,CGT,CGT,882,CAT,GGGGCAGAATTCACACTGCAGCTGT,CCTGCATACCATCGTCCGTTAAACA,0.9810645848898527,0.9892241379310345,459.0,464.0
14,SH2B3 c.894G>A,,TCCA,892,TTCA,CCTGTGCACTCCGAGAGCTCAGCCA,TGAATTCAGCTGCTGCTCGTCTCCC,1.5744701285354722e-07,0.004170141784820684,10.0,2398.0
19,JAK2 c.731A>G,GACTTT,GGCTTT,730,GGCTCT,ACTTAAGTTTCAAGTTTCTGGCAGT,GCATTGGCTGAATTGCTGAATAAAT,0.002472125039396936,0.0016474464579901153,1.0,607.0
4,CALR c.1150_1154delinsTGTC,CGACAC,CTTGTCC,1149,CGACAC,CCTCATCTTTGTCCTCATCATCCTC,TCTGCCTCCTCCTCCTCTTTGCGTT,,0.0022620778801098725,14.0,6189.0
31,TET2 c.3218G>A,GTTC,GTTC,"[3217, 3280]",GTTC,TCTAAAGCTGGGGTGTGGCTATCAA,TGCAGCAGTGGTTTGTCTAGTCAAA,0.9810645848898527,0.9973958333333334,383.0,384.0
17,TP53 c.78delT,GAAGTAGTT,GAAGTAGTT,71,GAGTAGTT,AAGGGGGACAGAACGTTGTTTTCAG,TCCATAGGTCTGAAAATGTTTCCTG,0.9810645848898527,0.9210526315789473,280.0,304.0
39,TET2 c.2439_2440insA,CGA,CGAT,2438,CGATT,GGTCTGACTATAAGGGGAATTTCTA,TTATATTCTGTACTTCCTCCAGTCC,0.004165039873879003,0.0018115942028985507,1.0,552.0
55,GATA2 c.1192C>T,GAT,GGT,1190,AGT,TTCTTGGACTTGTTGGACATCTTCC,TCCGAGTCTGGATCCCTTCCTTCTT,0.0024721534072314534,0.009749303621169917,7.0,718.0
38,ASXL1 c.2535del,CTGG,CTGG,2534,CTG,AGTCGGTGAGGATTCAGGTGTGGAA,GGGTCACATTTACAGGATCCTTCAT,0.9810645848898527,1.0,62.0,62.0
20,TET2 c.685dupA,GT,GTT,684,GTTT,ACAATCTGGATAATATTGAGACAGT,TTTTCCAGGAGTTCACCATGTGTGT,0.004173310123498309,0.1396011396011396,49.0,351.0
13,PPM1D c.1636_1639,ATCAGG,ATCAGG,1635,ATCAGG,TAAGCCATTTCGTCTATGCTTCTTC,GGGCCAGAATTGGACTCTTCTAATG,0.9810645848898527,1.0,22.0,22.0
23,SETD2 c.4702A>G,TTGC,TTGGC,4699,TCGGC,GACAAAGGTGTTCGAAGGAAGGTCT,AGCTCTCAAGCCCCAGCCTTTCTTT,1.8681748455579722e-05,0.029473684210526315,14.0,475.0
57,RUNX1 c.1103dupC,CGGACC,CGGGCC,1099,CGGGGCC,GGTAGGAGGGCGAGCTGGCTTGGAA,TCCCTGCGCTTGCGACGAGCCGGGG,0.002472125039396936,0.005118659841786877,11.0,2149.0
4,CALR c.1150_1154delinsTGTC,CTTGAC,CTTGTCC,1149,CGACAC,CCTCATCTTTGTCCTCATCATCCTC,TCTGCCTCCTCCTCCTCTTTGCGTT,1.0416487296041751e-05,0.0004847309743092584,3.0,6189.0
30,TP53 c.321C>G,CTT,CGT,320,CCT,GAATGCAAGAAGCCCAGACGGAAAC,AGCTGCCCTGGTAGGTTTTCTGGGA,0.0024721534072314534,0.00945179584120983,5.0,529.0
11,ASXL1 c.1934dupG,CCC,CCC,1932,CCGGGCCACC,ATCGGTGGCCCCGCCGCCACCTCCACCCGGGCCA,CCCCCTCCGATGGCAGTGGTGGCC,0.9810838578904912,1.0,81.0,81.0
28,TET2 c.4021dupG,GCG,GCA,4020,GCCA,AATCTGATTATTATATGCATCAGGT,AGTTTCTTATATGTTGGTGCCATAA,0.002472125039396936,0.0051635111876075735,3.0,581.0
32,JAK2 c.3187_3189,TACAC,TACGC,3186,TACGC,TGTCCTTGTTTGTCATTGCCAATCA,ATAAATTCCGCTGGTGGACTTTTAC,0.002472125039396936,0.00927643784786642,5.0,539.0
20,TET2 c.685dupA,GTTT,GTT,684,GTTT,ACAATCTGGATAATATTGAGACAGT,TTTTCCAGGAGTTCACCATGTGTGT,0.0033718935883874468,0.045584045584045586,16.0,351.0
18,TP53 c.742C>T,GGT,CGGT,740,CAGT,TGTGATGATGGTGAGGATGGGCCTC,TCATGCCGCCCATGCAGGAACTGTT,0.003304873070509295,0.006818181818181818,6.0,880.0
94,ASXL1 c.2081_2099dup_1,T,,2070,,ATTTAGAGGATAAGGCGGCAGTAGT,TGTGTTCGCTGTAGATCTGACGTAC,0.005235102114356561,0.020147750167897917,30.0,1489.0
35,TET2 c.2790_2791del,GGCA,GGCA,2789,GA,CTGAGTGTGACTTCCTCCCTGGTCA,CAGGAAAAACATTTGCATGGTTATG,0.9810645848898527,1.0,12.0,12.0
3,EZH2 c.2054G>A,ACGA,ACGAA,2051,ATGAA,TTGGATTTACCGAATGATTTGCAAA,TTTTGTTACCCTTGCGGGTTGCATC,0.004165039873879004,0.010101010101010102,1.0,99.0
48,SRSF2 c.161C>T,GAC,GGAC,159,GAAC,GAAAGCGAACGAAGGCGAAGCCGCG,TCCTTGGTGTAGCGGTCCCGCGGGA,0.003304870569043036,0.002224199288256228,10.0,4496.0
87,TET2 c.4537+2T>G,TTACC,,,TTCCC,CACATTTATCTACAAATGCTTTACATTAAAT,TGCCAACTGTTTAGCCTGGCTTGCG,,0.9393939393939394,31.0,33.0
28,TET2 c.4021dupG,ACA,GCA,4020,GCCA,AATCTGATTATTATATGCATCAGGT,AGTTTCTTATATGTTGGTGCCATAA,0.002472125039396936,0.0068846815834767644,4.0,581.0
53,CBL c.1259G>A,ACGGC,TCGGC,1256,TTGGC,TGGGTTCAGTACCTTTAATTTCACA,AGAAAGGACAGCCCTGACCTTCTGA,0.002472125039396936,0.0018373909049150207,4.0,2177.0
53,CBL c.1259G>A,CCGGC,TCGGC,1256,TTGGC,TGGGTTCAGTACCTTTAATTTCACA,AGAAAGGACAGCCCTGACCTTCTGA,0.002472125039396936,0.009186954524575103,20.0,2177.0
6,IDH2 c.419G>A,CCAGAT,CCGGAT,415,CTGGAT,GGAAGACAGTCCCCCCCAGGATGTT,AGTTCCATTGGGACTTTTCCACATC,0.002472125039396936,0.002777777777777778,6.0,2160.0
14,SH2B3 c.894G>A,CCA,TCCA,892,TTCA,CCTGTGCACTCCGAGAGCTCAGCCA,TGAATTCAGCTGCTGCTCGTCTCCC,0.003304873070509295,0.0016680567139282735,4.0,2398.0
17,TP53 c.78delT,GAAGTAGTTT,GAAGTAGTT,71,GAGTAGTT,AAGGGGGACAGAACGTTGTTTTCAG,TCCATAGGTCTGAAAATGTTTCCTG,0.0033671867419323145,0.0756578947368421,23.0,304.0
24,TP53 c.455dupC,GGGCGG,GGGCGG,454,GGGCGGG,TGGCCATGGCGCGGACGCGGGTGCC,GGGTGTGGAATCAACCCACAGCTGC,0.9810645848898527,0.9333333333333333,14.0,15.0
28,TET2 c.4021dupG,CCA,GCA,4020,GCCA,AATCTGATTATTATATGCATCAGGT,AGTTTCTTATATGTTGGTGCCATAA,0.0024721534072314534,0.0051635111876075735,3.0,581.0
5,JAK2 c.1849G>T,C,CAC,1847,AAC,TGAACCAGAATATTCTCGTCTCCACAGA,ATACTCCATAATTTAAAACCAAATGCTTGTGAGAAAGCTTGCTC,0.0008198538170710456,0.007352941176470588,6.0,816.0
16,NFE2 c.817C>T,CAT,CGT,816,CAT,CTGGGCTGCCACCTTGTTTTTGCCC,CGTCGGATGTCCCGGACTAGCGCTA,0.002472125039396936,0.015102974828375287,33.0,2185.0
94,ASXL1 c.2081_2099dup_1,TGT,,2070,,ATTTAGAGGATAAGGCGGCAGTAGT,TGTGTTCGCTGTAGATCTGACGTAC,,0.010745466756212223,16.0,1489.0
25,EZH2 c.453_455del,ATTTTTTAT,ATTTTTTAT,448,ATTTAT,TATCCCCGTGTACTTTCCCATCATA,TAGTTCTTCAATGAAAGTACCATCC,0.9810645848898527,0.8392857142857143,47.0,56.0
50,SH2B3 c.1527del,GACC,GAGCC,1526,GAGC,ATCGCCCTGGGAGACCCTCTGGGCT,CCCGGGGACAGCCAGAAGAACTAAG,1.0418988762300611e-05,0.0034129692832764505,3.0,879.0
7,NRAS c.35G>A,CCCT,ACCT,33,ATCT,TTGTCAGTGCGCTTTTCCCAACACC,GCTCCAACCACCACCAGTTTGTACT,0.0024721534072314534,0.0006064281382656155,1.0,1649.0
39,TET2 c.2439_2440insA,CGATTT,CGAT,2438,CGATT,GGTCTGACTATAAGGGGAATTTCTA,TTATATTCTGTACTTCCTCCAGTCC,,0.0018115942028985507,1.0,552.0
57,RUNX1 c.1103dupC,GGCC,CGGGCC,1099,CGGGGCC,GGTAGGAGGGCGAGCTGGCTTGGAA,TCCCTGCGCTTGCGACGAGCCGGGG,0.00029364370325605783,0.0013959981386691485,3.0,2149.0
21,TET2 c.5618T>C,ACT,AAT,5617,AGT,CATGCAGCTCACGCTTTGCACACTC,GAGAATTGACCCATGAGTTGGAGCC,0.0024721534072314534,0.005385996409335727,3.0,557.0
4,CALR c.1150_1154delinsTGTC,CTCC,CTTGTCC,1149,CGACAC,CCTCATCTTTGTCCTCATCATCCTC,TCTGCCTCCTCCTCCTCTTTGCGTT,,0.0003231539828728389,2.0,6189.0
14,SH2B3 c.894G>A,TCCT,TCCA,892,TTCA,CCTGTGCACTCCGAGAGCTCAGCCA,TGAATTCAGCTGCTGCTCGTCTCCC,0.002472125039396936,0.0029190992493744786,7.0,2398.0
33,TET2 c.2908dupA,GTTC,GTT,2907,GTTT,GTGCATCTGACTATGGCAAGACTCA,TGGGGTTGCTGTGTTTGCTGCTGTT,0.0033671867419323145,0.0006891798759476223,1.0,1451.0
6,IDH2 c.419G>A,CGGAT,CCGGAT,415,CTGGAT,GGAAGACAGTCCCCCCCAGGATGTT,AGTTCCATTGGGACTTTTCCACATC,0.003304870569043036,0.008333333333333333,18.0,2160.0
4,CALR c.1150_1154delinsTGTC,CTTATCC,CTTGTCC,1149,CGACAC,CCTCATCTTTGTCCTCATCATCCTC,TCTGCCTCCTCCTCCTCTTTGCGTT,0.002472125039396936,0.0016157699143641946,10.0,6189.0
7,NRAS c.35G>A,CCT,ACCT,33,ATCT,TTGTCAGTGCGCTTTTCCCAACACC,GCTCCAACCACCACCAGTTTGTACT,0.003304873070509295,0.0030321406913280777,5.0,1649.0
54,ASXL1 c.1249C>T,CGTA,CGGA,1247,CAGA,GTACAGATTCCTTCTGGCTCTGGTT,GATCTGGCCGAGAGCGTTTCTTAAA,0.002472125039396936,0.0015432098765432098,1.0,648.0
49,PPM1D c.1547C>A,GGAGTTGACA,GGAGTTGACA,1544,GGAGTTTACA,AATTTCTTGGGCTTTCATTTGGCCA,TCTTCAAATTTTTTTGGTCCATGAC,0.9810645848898527,0.9038461538461539,47.0,52.0
4,CALR c.1150_1154delinsTGTC,CTCATCCTCATCTTTGTCCTCATCATCCTCCTTGTCC,CTTGTCC,1149,CGACAC,CCTCATCTTTGTCCTCATCATCCTC,TCTGCCTCCTCCTCCTCTTTGCGTT,,0.004362578768783325,27.0,6189.0
44,NFE2 c.190_194del,AATAAGTT,AGTAAGTT,189,AGT,GAATCTGGGTGGATTGAGCAGGGGC,GTGGGTGGTGGAGGTCCAAGGTATG,0.002472125039396936,0.002385211687537269,4.0,1677.0
52,NFE2 c.137dupC,GCCT,GGCT,134,GGGCT,AGCTGGGGCTTGGGGCTCAAATGAT,CACTTGGAGCATTCAGACCCTGCAG,0.0024721534072314534,0.005482456140350877,15.0,2736.0
16,NFE2 c.817C>T,CTT,CGT,816,CAT,CTGGGCTGCCACCTTGTTTTTGCCC,CGTCGGATGTCCCGGACTAGCGCTA,0.0024721534072314534,0.0004576659038901602,1.0,2185.0
2,TP53 c.818G>A,CCGC,ACGC,816,ATGC,GGTCTCTCCCAGGACAGGCACAAAC,ACCTCAAAGCTGTTCCGTCCCAGTA,0.002472125039396936,0.0019860973187686196,2.0,1007.0
4,CALR c.1150_1154delinsTGTC,CATGTCC,CTTGTCC,1149,CGACAC,CCTCATCTTTGTCCTCATCATCCTC,TCTGCCTCCTCCTCCTCTTTGCGTT,0.002472125039396936,0.0008078849571820973,5.0,6189.0
42,SF3B1 c.2098A>G,CTTCCT,CTTTCT,2096,CTTCCT,ATGGCCAAAGCACTGATGGTCCGAA,GCTGCTCATCCACAAGACCATGTTC,0.002472125039396936,0.011075384065737763,31.0,2799.0
4,CALR c.1150_1154delinsTGTC,CTTGCC,CTTGTCC,1149,CGACAC,CCTCATCTTTGTCCTCATCATCCTC,TCTGCCTCCTCCTCCTCTTTGCGTT,1.0416487296041751e-05,0.0019389238972370335,12.0,6189.0
22,U2AF1 c.470A>C,ATTG,ACTG,469,ACGG,CCTCGTGTGCATTCTCCCATCTCAT,ACGGCAGCAGGCTTCTCTGAAGTCC,0.002472125039396936,0.001272264631043257,3.0,2358.0
32,JAK2 c.3187_3189,TACGT,TACGC,3186,TACGC,TGTCCTTGTTTGTCATTGCCAATCA,ATAAATTCCGCTGGTGGACTTTTAC,0.002472125039396936,0.0037105751391465678,2.0,539.0
28,TET2 c.4021dupG,GCAA,GCA,4020,GCCA,AATCTGATTATTATATGCATCAGGT,AGTTTCTTATATGTTGGTGCCATAA,0.0033671867419323145,0.0051635111876075735,3.0,581.0
47,ASXL1 c.1636C>T,GA,TGA,1635,TAA,ACTTTCAATTGTGTTACGAAAGGAC,CGATCTTCAAGCCGGGGCTTCTTTT,0.0033048755575028044,0.0011467889908256881,1.0,872.0
4,CALR c.1150_1154delinsTGTC,CTGATCATCTTCCTCATCT,CTTGTCC,1149,CGACAC,CCTCATCTTTGTCCTCATCATCCTC,TCTGCCTCCTCCTCCTCTTTGCGTT,,0.0006463079657456778,4.0,6189.0
14,SH2B3 c.894G>A,TCCC,TCCA,892,TTCA,CCTGTGCACTCCGAGAGCTCAGCCA,TGAATTCAGCTGCTGCTCGTCTCCC,0.0024721448720532633,0.0012510425354462051,3.0,2398.0
4,CALR c.1150_1154delinsTGTC,CTCATCCTCA,CTTGTCC,1149,CGACAC,CCTCATCTTTGTCCTCATCATCCTC,TCTGCCTCCTCCTCCTCTTTGCGTT,,0.0003231539828728389,2.0,6189.0
6,IDH2 c.419G>A,CGGGAT,CCGGAT,415,CTGGAT,GGAAGACAGTCCCCCCCAGGATGTT,AGTTCCATTGGGACTTTTCCACATC,0.002472125039396936,0.000462962962962963,1.0,2160.0
39,TET2 c.2439_2440insA,CGAC,CGAT,2438,CGATT,GGTCTGACTATAAGGGGAATTTCTA,TTATATTCTGTACTTCCTCCAGTCC,0.002472125039396936,0.0018115942028985507,1.0,552.0
4,CALR c.1150_1154delinsTGTC,GCTTGTCC,CTTGTCC,1149,CGACAC,CCTCATCTTTGTCCTCATCATCCTC,TCTGCCTCCTCCTCCTCTTTGCGTT,0.0018679153724242465,0.00016157699143641945,1.0,6189.0
32,JAK2 c.3187_3189,TCC,TACGC,3186,TACGC,TGTCCTTGTTTGTCATTGCCAATCA,ATAAATTCCGCTGGTGGACTTTTAC,1.306216165525791e-06,0.0037105751391465678,2.0,539.0
6,IDH2 c.419G>A,CCGGGT,CCGGAT,415,CTGGAT,GGAAGACAGTCCCCCCCAGGATGTT,AGTTCCATTGGGACTTTTCCACATC,0.002472125039396936,0.000462962962962963,1.0,2160.0
4,CALR c.1150_1154delinsTGTC,TTTGTGATTATGTTTTGACCATAA,CTTGTCC,1149,CGACAC,CCTCATCTTTGTCCTCATCATCCTC,TCTGCCTCCTCCTCCTCTTTGCGTT,,0.00016157699143641945,1.0,6189.0
20,TET2 c.685dupA,GTTTT,GTT,684,GTTT,ACAATCTGGATAATATTGAGACAGT,TTTTCCAGGAGTTCACCATGTGTGT,1.615472745029448e-08,0.011396011396011397,4.0,351.0
14,SH2B3 c.894G>A,TCCAT,TCCA,892,TTCA,CCTGTGCACTCCGAGAGCTCAGCCA,TGAATTCAGCTGCTGCTCGTCTCCC,0.0033671867419323145,0.002085070892410342,5.0,2398.0
15,JAK2 c.892T>C,AACT,CACT,890,CGCT,ACTTTCTTTATGTTTCCCTCTTGAC,GAATTCCACCGTTTCCAGTTATTAT,0.002472125039396936,0.0012165450121654502,1.0,822.0
53,CBL c.1259G>A,TCGCC,TCGGC,1256,TTGGC,TGGGTTCAGTACCTTTAATTTCACA,AGAAAGGACAGCCCTGACCTTCTGA,0.002472125039396936,0.0018373909049150207,4.0,2177.0
57,RUNX1 c.1103dupC,CGGCC,CGGGCC,1099,CGGGGCC,GGTAGGAGGGCGAGCTGGCTTGGAA,TCCCTGCGCTTGCGACGAGCCGGGG,1.8681748455579722e-05,0.0018613308515588647,4.0,2149.0
2,TP53 c.818G>A,AGC,ACGC,816,ATGC,GGTCTCTCCCAGGACAGGCACAAAC,ACCTCAAAGCTGTTCCGTCCCAGTA,8.26774815304775e-06,0.0009930486593843098,1.0,1007.0
4,CALR c.1150_1154delinsTGTC,ATCCTCATCTTTGTCCTCATCATCCTCCTTGTCC,CTTGTCC,1149,CGACAC,CCTCATCTTTGTCCTCATCATCCTC,TCTGCCTCCTCCTCCTCTTTGCGTT,,0.00016157699143641945,1.0,6189.0
6,IDH2 c.419G>A,ACGGAT,CCGGAT,415,CTGGAT,GGAAGACAGTCCCCCCCAGGATGTT,AGTTCCATTGGGACTTTTCCACATC,0.002472125039396936,0.001851851851851852,4.0,2160.0
93,NFE2 c.782_785del_1,C,,762,,GCTCTCTGTCAGCGGGTACCTTGCC,AATAGCTCATTAAAGTCATCTACCG,0.005235102114356561,0.0011691348402182386,3.0,2566.0
7,NRAS c.35G>A,ACT,ACCT,33,ATCT,TTGTCAGTGCGCTTTTCCCAACACC,GCTCCAACCACCACCAGTTTGTACT,1.8681748455579722e-05,0.0006064281382656155,1.0,1649.0
14,SH2B3 c.894G>A,TCCG,TCCA,892,TTCA,CCTGTGCACTCCGAGAGCTCAGCCA,TGAATTCAGCTGCTGCTCGTCTCCC,0.002472125039396936,0.0016680567139282735,4.0,2398.0
14,SH2B3 c.894G>A,TCAA,TCCA,892,TTCA,CCTGTGCACTCCGAGAGCTCAGCCA,TGAATTCAGCTGCTGCTCGTCTCCC,0.0024721534072314534,0.0008340283569641367,2.0,2398.0
39,TET2 c.2439_2440insA,CGATT,CGAT,2438,CGATT,GGTCTGACTATAAGGGGAATTTCTA,TTATATTCTGTACTTCCTCCAGTCC,0.0033671867419323145,0.012681159420289856,7.0,552.0
91,TP53 c.919_920,C,GC,919,GTT,AGAGGAGCTGGTGTTGTTGGGCAGT,TCGCTTAGTGCTCCCTGGGGGCAGC,0.0033172966609144117,0.006944444444444444,5.0,720.0
88,TET2 c.4537_4539,TTCT,TTC,4537,,TGACTGGTCCTGAAAGTCGCAAAAG,TGCCAACTGTTTAGCCTGGCTTGCG,0.0033671867419323145,0.0041928721174004195,2.0,477.0
18,TP53 c.742C>T,CGAT,CGGT,740,CAGT,TGTGATGATGGTGAGGATGGGCCTC,TCATGCCGCCCATGCAGGAACTGTT,0.002472125039396936,0.003409090909090909,3.0,880.0
6,IDH2 c.419G>A,CCGAT,CCGGAT,415,CTGGAT,GGAAGACAGTCCCCCCCAGGATGTT,AGTTCCATTGGGACTTTTCCACATC,8.265261159537971e-06,0.000462962962962963,1.0,2160.0
37,SETBP1 c.2602G>A,TCAC,TCGC,2600,TTGC,GTTGTTGTCTGTCCCAATGCCGCTG,TGGGGATCGTCTCCTCACTGTGGGA,0.002472125039396936,0.008733624454148471,2.0,229.0
53,CBL c.1259G>A,TCGC,TCGGC,1256,TTGGC,TGGGTTCAGTACCTTTAATTTCACA,AGAAAGGACAGCCCTGACCTTCTGA,1.0416487296041751e-05,0.008727606798346348,19.0,2177.0
20,TET2 c.685dupA,G,GTT,684,GTTT,ACAATCTGGATAATATTGAGACAGT,TTTTCCAGGAGTTCACCATGTGTGT,0.00052697376811642,0.008547008547008548,3.0,351.0
48,SRSF2 c.161C>T,GGGC,GGAC,159,GAAC,GAAAGCGAACGAAGGCGAAGCCGCG,TCCTTGGTGTAGCGGTCCCGCGGGA,0.0024721448720532633,0.001112099644128114,5.0,4496.0
4,CALR c.1150_1154delinsTGTC,CTTGACC,CTTGTCC,1149,CGACAC,CCTCATCTTTGTCCTCATCATCCTC,TCTGCCTCCTCCTCCTCTTTGCGTT,0.002472125039396936,0.0011310389400549362,7.0,6189.0
58,SH2B3 c.1033G>A,CCCCCCA,CCCCCCA,1032,CCCCCTA,TCTTCTGGCAGGCCGGGTCCAGCAG,GGAGAAGCACCTTGGTTAAGGGAAT,0.9810646330903435,1.0,6.0,6.0
22,U2AF1 c.470A>C,ACTA,ACTG,469,ACGG,CCTCGTGTGCATTCTCCCATCTCAT,ACGGCAGCAGGCTTCTCTGAAGTCC,0.002472125039396936,0.00042408821034775233,1.0,2358.0
1,ZRSR2 c.883C>T,CAT,CGT,882,CAT,GGGGCAGAATTCACACTGCAGCTGT,CCTGCATACCATCGTCCGTTAAACA,0.002472125039396936,0.004310344827586207,2.0,464.0
47,ASXL1 c.1636C>T,TGT,TGA,1635,TAA,ACTTTCAATTGTGTTACGAAAGGAC,CGATCTTCAAGCCGGGGCTTCTTTT,0.002472125039396936,0.0011467889908256881,1.0,872.0
6,IDH2 c.419G>A,CAGGAT,CCGGAT,415,CTGGAT,GGAAGACAGTCCCCCCCAGGATGTT,AGTTCCATTGGGACTTTTCCACATC,0.002472125039396936,0.0023148148148148147,5.0,2160.0
4,CALR c.1150_1154delinsTGTC,CTCATCCTCATCTTTGTCCTCA,CTTGTCC,1149,CGACAC,CCTCATCTTTGTCCTCATCATCCTC,TCTGCCTCCTCCTCCTCTTTGCGTT,,0.00016157699143641945,1.0,6189.0
42,SF3B1 c.2098A>G,CTTTCA,CTTTCT,2096,CTTCCT,ATGGCCAAAGCACTGATGGTCCGAA,GCTGCTCATCCACAAGACCATGTTC,0.002472125039396936,0.0010718113612004287,3.0,2799.0
4,CALR c.1150_1154delinsTGTC,TTTGTCC,CTTGTCC,1149,CGACAC,CCTCATCTTTGTCCTCATCATCCTC,TCTGCCTCCTCCTCCTCTTTGCGTT,0.002472125039396936,0.0006463079657456778,4.0,6189.0
16,NFE2 c.817C>T,,CGT,816,CAT,CTGGGCTGCCACCTTGTTTTTGCCC,CGTCGGATGTCCCGGACTAGCGCTA,3.0187798631129833e-06,0.007780320366132723,17.0,2185.0
2,TP53 c.818G>A,CGC,ACGC,816,ATGC,GGTCTCTCCCAGGACAGGCACAAAC,ACCTCAAAGCTGTTCCGTCCCAGTA,0.0033048730560365455,0.003972194637537239,4.0,1007.0
7,NRAS c.35G>A,T,ACCT,33,ATCT,TTGTCAGTGCGCTTTTCCCAACACC,GCTCCAACCACCACCAGTTTGTACT,7.438153402898071e-09,0.004244996967859308,7.0,1649.0
45,ASXL1 c.1815C>A,GGCA,GGCA,1813,GTCA,AGGGTCCTGGCGCCAGTCCAACCCC,GGAGGACTCCGTGGTGGGGATGATC,0.9810645848898527,0.9736842105263158,37.0,38.0
91,TP53 c.919_920,AC,GC,919,GTT,AGAGGAGCTGGTGTTGTTGGGCAGT,TCGCTTAGTGCTCCCTGGGGGCAGC,0.0024721732398877805,0.002777777777777778,2.0,720.0
1,ZRSR2 c.883C>T,,CGT,882,CAT,GGGGCAGAATTCACACTGCAGCTGT,CCTGCATACCATCGTCCGTTAAACA,3.0187798631129833e-06,0.004310344827586207,2.0,464.0
5,JAK2 c.1849G>T,AC,CAC,1847,AAC,TGAACCAGAATATTCTCGTCTCCACAGA,ATACTCCATAATTTAAAACCAAATGCTTGTGAGAAAGCTTGCTC,0.0033058749576183166,0.011029411764705883,9.0,816.0
53,CBL c.1259G>A,TCGAC,TCGGC,1256,TTGGC,TGGGTTCAGTACCTTTAATTTCACA,AGAAAGGACAGCCCTGACCTTCTGA,0.002472125039396936,0.006890215893431328,15.0,2177.0
4,CALR c.1150_1154delinsTGTC,CTTGTCCTCT,CTTGTCC,1149,CGACAC,CCTCATCTTTGTCCTCATCATCCTC,TCTGCCTCCTCCTCCTCTTTGCGTT,,0.00016157699143641945,1.0,6189.0
41,ASXL1 c.2245_2246insGG,GGGAGT,GGGGAGT,2244,GGGGAGCCT,ATGGCTGGTCCCCAGTGGGAGCAAC,TGGGAGGCATCTCCTAGCCCATCTG,0.003304870569043036,0.005961251862891207,4.0,671.0
48,SRSF2 c.161C>T,GGAG,GGAC,159,GAAC,GAAAGCGAACGAAGGCGAAGCCGCG,TCCTTGGTGTAGCGGTCCCGCGGGA,0.002472125039396936,0.00022241992882562276,1.0,4496.0
22,U2AF1 c.470A>C,CCTG,ACTG,469,ACGG,CCTCGTGTGCATTCTCCCATCTCAT,ACGGCAGCAGGCTTCTCTGAAGTCC,0.002472125039396936,0.0016963528413910093,4.0,2358.0
6,IDH2 c.419G>A,CCGAAT,CCGGAT,415,CTGGAT,GGAAGACAGTCCCCCCCAGGATGTT,AGTTCCATTGGGACTTTTCCACATC,0.002472125039396936,0.002777777777777778,6.0,2160.0
21,TET2 c.5618T>C,AT,AAT,5617,AGT,CATGCAGCTCACGCTTTGCACACTC,GAGAATTGACCCATGAGTTGGAGCC,0.003315292044798846,0.005385996409335727,3.0,557.0
48,SRSF2 c.161C>T,GGAA,GGAC,159,GAAC,GAAAGCGAACGAAGGCGAAGCCGCG,TCCTTGGTGTAGCGGTCCCGCGGGA,0.0024721448720532633,0.0008896797153024911,4.0,4496.0
30,TP53 c.321C>G,CAT,CGT,320,CCT,GAATGCAAGAAGCCCAGACGGAAAC,AGCTGCCCTGGTAGGTTTTCTGGGA,0.002472125039396936,0.005671077504725898,3.0,529.0
17,TP53 c.78delT,GAAGTAGT,GAAGTAGTT,71,GAGTAGTT,AAGGGGGACAGAACGTTGTTTTCAG,TCCATAGGTCTGAAAATGTTTCCTG,0.004165039873879003,0.003289473684210526,1.0,304.0
22,U2AF1 c.470A>C,CTG,ACTG,469,ACGG,CCTCGTGTGCATTCTCCCATCTCAT,ACGGCAGCAGGCTTCTCTGAAGTCC,0.003304870569043036,0.0016963528413910093,4.0,2358.0
32,JAK2 c.3187_3189,TACC,TACGC,3186,TACGC,TGTCCTTGTTTGTCATTGCCAATCA,ATAAATTCCGCTGGTGGACTTTTAC,1.0416487296041751e-05,0.0074211502782931356,4.0,539.0
39,TET2 c.2439_2440insA,CGATTTATATTCTGTACTTCCTCCAGTCC,CGAT,2438,CGATT,GGTCTGACTATAAGGGGAATTTCTA,TTATATTCTGTACTTCCTCCAGTCC,,0.0018115942028985507,1.0,552.0
14,SH2B3 c.894G>A,TCCAA,TCCA,892,TTCA,CCTGTGCACTCCGAGAGCTCAGCCA,TGAATTCAGCTGCTGCTCGTCTCCC,0.0033671867419323145,0.0008340283569641367,2.0,2398.0
42,SF3B1 c.2098A>G,CTCTCT,CTTTCT,2096,CTTCCT,ATGGCCAAAGCACTGATGGTCCGAA,GCTGCTCATCCACAAGACCATGTTC,0.002472125039396936,0.0003572704537334762,1.0,2799.0
7,NRAS c.35G>A,ACGT,ACCT,33,ATCT,TTGTCAGTGCGCTTTTCCCAACACC,GCTCCAACCACCACCAGTTTGTACT,0.002472125039396936,0.001212856276531231,2.0,1649.0
4,CALR c.1150_1154delinsTGTC,TTGTCC,CTTGTCC,1149,CGACAC,CCTCATCTTTGTCCTCATCATCCTC,TCTGCCTCCTCCTCCTCTTTGCGTT,0.003304870569043036,0.0011310389400549362,7.0,6189.0
41,ASXL1 c.2245_2246insGG,GGGGAAT,GGGGAGT,2244,GGGGAGCCT,ATGGCTGGTCCCCAGTGGGAGCAAC,TGGGAGGCATCTCCTAGCCCATCTG,0.002472125039396936,0.0014903129657228018,1.0,671.0
48,SRSF2 c.161C>T,GAAC,GGAC,159,GAAC,GAAAGCGAACGAAGGCGAAGCCGCG,TCCTTGGTGTAGCGGTCCCGCGGGA,0.0024721534072314534,0.0006672597864768683,3.0,4496.0
4,CALR c.1150_1154delinsTGTC,TTCTTCATCTTCATCTTCTTCA,CTTGTCC,1149,CGACAC,CCTCATCTTTGTCCTCATCATCCTC,TCTGCCTCCTCCTCCTCTTTGCGTT,,0.00016157699143641945,1.0,6189.0
22,U2AF1 c.470A>C,ACTT,ACTG,469,ACGG,CCTCGTGTGCATTCTCCCATCTCAT,ACGGCAGCAGGCTTCTCTGAAGTCC,0.002472125039396936,0.00042408821034775233,1.0,2358.0
23,SETD2 c.4702A>G,TTGAC,TTGGC,4699,TCGGC,GACAAAGGTGTTCGAAGGAAGGTCT,AGCTCTCAAGCCCCAGCCTTTCTTT,0.002472125039396936,0.004210526315789474,2.0,475.0
26,TET2 c.4249G>T,ACAT,ACGT,4247,AAGT,GTCAGAGACTTTGTATAAAGGCAGA,GAAGCTGCTCATCCTCAGGTTTTCC,0.002472125039396936,0.0027624309392265192,2.0,724.0
4,CALR c.1150_1154delinsTGTC,TGATCATCTTCCTCATCT,CTTGTCC,1149,CGACAC,CCTCATCTTTGTCCTCATCATCCTC,TCTGCCTCCTCCTCCTCTTTGCGTT,,0.00016157699143641945,1.0,6189.0
49,PPM1D c.1547C>A,GGAGTTGCC,GGAGTTGACA,1544,GGAGTTTACA,AATTTCTTGGGCTTTCATTTGGCCA,TCTTCAAATTTTTTTGGTCCATGAC,1.0416487296041751e-05,0.057692307692307696,3.0,52.0
16,NFE2 c.817C>T,T,CGT,816,CAT,CTGGGCTGCCACCTTGTTTTTGCCC,CGTCGGATGTCCCGGACTAGCGCTA,0.00029494991942158365,0.0004576659038901602,1.0,2185.0
0,TP53 c.659A>G,TC,TA,658,CA,GTCAGAGCCAACCTCAGGCGGCTCA,GGGCACCACCACACTATGTCGAAAA,0.0024721732398877805,0.010309278350515464,1.0,97.0
29,TP53 c.393_395del,ATCTTAT,ATCTTGT,392,ATCT,GCAGGTCTTGGCCAGTTGGCAAAAC,TGAGGGCAGGGGAGTACGTGCAAGT,0.002472125039396936,0.0036363636363636364,1.0,275.0
57,RUNX1 c.1103dupC,CGGAC,CGGGCC,1099,CGGGGCC,GGTAGGAGGGCGAGCTGGCTTGGAA,TCCCTGCGCTTGCGACGAGCCGGGG,1.0416487296041751e-05,0.00046533271288971617,1.0,2149.0
4,CALR c.1150_1154delinsTGTC,T,CTTGTCC,1149,CGACAC,CCTCATCTTTGTCCTCATCATCCTC,TCTGCCTCCTCCTCCTCTTTGCGTT,,0.0003231539828728389,2.0,6189.0
32,JAK2 c.3187_3189,TACCC,TACGC,3186,TACGC,TGTCCTTGTTTGTCATTGCCAATCA,ATAAATTCCGCTGGTGGACTTTTAC,0.002472125039396936,0.014842300556586271,8.0,539.0
2,TP53 c.818G>A,ACCC,ACGC,816,ATGC,GGTCTCTCCCAGGACAGGCACAAAC,ACCTCAAAGCTGTTCCGTCCCAGTA,0.002472125039396936,0.010923535253227408,11.0,1007.0
15,JAK2 c.892T>C,ACT,CACT,890,CGCT,ACTTTCTTTATGTTTCCCTCTTGAC,GAATTCCACCGTTTCCAGTTATTAT,0.0033048730560365455,0.0012165450121654502,1.0,822.0
10,DNMT3A c.2644C>T,CGGCC,CGGCT,2641,CAGCT,GCCCAGCAGTCTCTGCCTCGCCAAG,CATGTTGGAGACGTCAGTATAGTGG,0.002472125039396936,0.0021929824561403508,1.0,456.0
16,NFE2 c.817C>T,GT,CGT,816,CAT,CTGGGCTGCCACCTTGTTTTTGCCC,CGTCGGATGTCCCGGACTAGCGCTA,0.0033048755575028044,0.0036613272311212816,8.0,2185.0
14,SH2B3 c.894G>A,ACCA,TCCA,892,TTCA,CCTGTGCACTCCGAGAGCTCAGCCA,TGAATTCAGCTGCTGCTCGTCTCCC,0.002472125039396936,0.0008340283569641367,2.0,2398.0
4,CALR c.1150_1154delinsTGTC,CTCTCCTCATCTTTGTCCTCATCATCCTCCTTGTCC,CTTGTCC,1149,CGACAC,CCTCATCTTTGTCCTCATCATCCTC,TCTGCCTCCTCCTCCTCTTTGCGTT,,0.001454192922927775,9.0,6189.0
14,SH2B3 c.894G>A,TCA,TCCA,892,TTCA,CCTGTGCACTCCGAGAGCTCAGCCA,TGAATTCAGCTGCTGCTCGTCTCCC,1.8681748455579722e-05,0.0037531276063386154,9.0,2398.0
88,TET2 c.4537_4539,TT,TTC,4537,,TGACTGGTCCTGAAAGTCGCAAAAG,TGCCAACTGTTTAGCCTGGCTTGCG,0.004174309523613822,0.0020964360587002098,1.0,477.0
6,IDH2 c.419G>A,CCAT,CCGGAT,415,CTGGAT,GGAAGACAGTCCCCCCCAGGATGTT,AGTTCCATTGGGACTTTTCCACATC,,0.000925925925925926,2.0,2160.0
20,TET2 c.685dupA,GTTTTT,GTT,684,GTTT,ACAATCTGGATAATATTGAGACAGT,TTTTCCAGGAGTTCACCATGTGTGT,,0.005698005698005698,2.0,351.0
56,RRAS c.116G>T,ACCG,GCCG,114,GACG,GGATGGTCAGCGCGCTCTTGCCCAC,CCGCCGCCCACGACCACCAGCTTGT,0.002472125039396936,0.75,3.0,4.0
52,NFE2 c.137dupC,GACT,GGCT,134,GGGCT,AGCTGGGGCTTGGGGCTCAAATGAT,CACTTGGAGCATTCAGACCCTGCAG,0.002472125039396936,0.0029239766081871343,8.0,2736.0
2,TP53 c.818G>A,ACGT,ACGC,816,ATGC,GGTCTCTCCCAGGACAGGCACAAAC,ACCTCAAAGCTGTTCCGTCCCAGTA,0.002472125039396936,0.0009930486593843098,1.0,1007.0
40,ASXL1 c.2407C>T,GCT,TGCT,2405,TACT,ATTGTCTGCAGGAACGGTGGGTCCT,CCTCATCATCACTTTCCCAGGAAGT,0.003304870569043036,0.0013192612137203166,1.0,758.0
14,SH2B3 c.894G>A,CCCA,TCCA,892,TTCA,CCTGTGCACTCCGAGAGCTCAGCCA,TGAATTCAGCTGCTGCTCGTCTCCC,0.0024721534072314534,0.0012510425354462051,3.0,2398.0
2,TP53 c.818G>A,ACC,ACGC,816,ATGC,GGTCTCTCCCAGGACAGGCACAAAC,ACCTCAAAGCTGTTCCGTCCCAGTA,1.042147575581039e-05,0.0029791459781529296,3.0,1007.0
49,PPM1D c.1547C>A,GGAGTTGCCA,GGAGTTGACA,1544,GGAGTTTACA,AATTTCTTGGGCTTTCATTTGGCCA,TCTTCAAATTTTTTTGGTCCATGAC,0.002472125039396936,0.019230769230769232,1.0,52.0
29,TP53 c.393_395del,ATCATGT,ATCTTGT,392,ATCT,GCAGGTCTTGGCCAGTTGGCAAAAC,TGAGGGCAGGGGAGTACGTGCAAGT,0.002472125039396936,0.0036363636363636364,1.0,275.0
3,EZH2 c.2054G>A,ACGAAT,ACGAA,2051,ATGAA,TTGGATTTACCGAATGATTTGCAAA,TTTTGTTACCCTTGCGGGTTGCATC,0.0033671867419323145,0.020202020202020204,2.0,99.0
4,CALR c.1150_1154delinsTGTC,TTCCTCACCATCACCT,CTTGTCC,1149,CGACAC,CCTCATCTTTGTCCTCATCATCCTC,TCTGCCTCCTCCTCCTCTTTGCGTT,,0.00016157699143641945,1.0,6189.0
2,TP53 c.818G>A,CC,ACGC,816,ATGC,GGTCTCTCCCAGGACAGGCACAAAC,ACCTCAAAGCTGTTCCGTCCCAGTA,2.069870466957753e-06,0.005958291956305859,6.0,1007.0
4,CALR c.1150_1154delinsTGTC,CTTGT,CTTGTCC,1149,CGACAC,CCTCATCTTTGTCCTCATCATCCTC,TCTGCCTCCTCCTCCTCTTTGCGTT,0.0005262101138149879,0.0006463079657456778,4.0,6189.0
40,ASXL1 c.2407C>T,TCCT,TGCT,2405,TACT,ATTGTCTGCAGGAACGGTGGGTCCT,CCTCATCATCACTTTCCCAGGAAGT,0.002472125039396936,0.0013192612137203166,1.0,758.0
39,TET2 c.2439_2440insA,CCAT,CGAT,2438,CGATT,GGTCTGACTATAAGGGGAATTTCTA,TTATATTCTGTACTTCCTCCAGTCC,0.002472125039396936,0.0018115942028985507,1.0,552.0
57,RUNX1 c.1103dupC,CAGGCC,CGGGCC,1099,CGGGGCC,GGTAGGAGGGCGAGCTGGCTTGGAA,TCCCTGCGCTTGCGACGAGCCGGGG,0.002472125039396936,0.0009306654257794323,2.0,2149.0
22,U2AF1 c.470A>C,ACAG,ACTG,469,ACGG,CCTCGTGTGCATTCTCCCATCTCAT,ACGGCAGCAGGCTTCTCTGAAGTCC,0.002472125039396936,0.002544529262086514,6.0,2358.0
20,TET2 c.685dupA,GAT,GTT,684,GTTT,ACAATCTGGATAATATTGAGACAGT,TTTTCCAGGAGTTCACCATGTGTGT,0.0024721448720532633,0.005698005698005698,2.0,351.0
51,PTPN11 c.1508G>A,TCC,TCCC,1507,TCTC,CGGTACTGTGCTTCTGTCTGGACCA,TGACCTCTGAGACCGCACCATCTGG,0.004173310123498309,0.009029345372460496,4.0,443.0
25,EZH2 c.453_455del,ATTTTTATT,ATTTTTTAT,448,ATTTAT,TATCCCCGTGTACTTTCCCATCATA,TAGTTCTTCAATGAAAGTACCATCC,2.836783451736667e-08,0.03571428571428571,2.0,56.0
10,DNMT3A c.2644C>T,CGGTT,CGGCT,2641,CAGCT,GCCCAGCAGTCTCTGCCTCGCCAAG,CATGTTGGAGACGTCAGTATAGTGG,0.002472125039396936,0.0021929824561403508,1.0,456.0
28,TET2 c.4021dupG,CA,GCA,4020,GCCA,AATCTGATTATTATATGCATCAGGT,AGTTTCTTATATGTTGGTGCCATAA,0.0033048755575028044,0.0017211703958691911,1.0,581.0
18,TP53 c.742C>T,CAGT,CGGT,740,CAGT,TGTGATGATGGTGAGGATGGGCCTC,TCATGCCGCCCATGCAGGAACTGTT,0.002472125039396936,0.003409090909090909,3.0,880.0
88,TET2 c.4537_4539,TC,TTC,4537,,TGACTGGTCCTGAAAGTCGCAAAAG,TGCCAACTGTTTAGCCTGGCTTGCG,0.003315292044798846,0.006289308176100629,3.0,477.0
7,NRAS c.35G>A,ACCC,ACCT,33,ATCT,TTGTCAGTGCGCTTTTCCCAACACC,GCTCCAACCACCACCAGTTTGTACT,0.0024721448720532633,0.0006064281382656155,1.0,1649.0
22,U2AF1 c.470A>C,TG,ACTG,469,ACGG,CCTCGTGTGCATTCTCCCATCTCAT,ACGGCAGCAGGCTTCTCTGAAGTCC,0.0002936088769481265,0.0008481764206955047,2.0,2358.0
33,TET2 c.2908dupA,TTT,GTT,2907,GTTT,GTGCATCTGACTATGGCAAGACTCA,TGGGGTTGCTGTGTTTGCTGCTGTT,0.0024834877709156585,0.0006891798759476223,1.0,1451.0
2,TP53 c.818G>A,,ACGC,816,ATGC,GGTCTCTCCCAGGACAGGCACAAAC,ACCTCAAAGCTGTTCCGTCCCAGTA,1.5744701285354722e-07,0.0009930486593843098,1.0,1007.0
24,TP53 c.455dupC,AGGCGG,GGGCGG,454,GGGCGGG,TGGCCATGGCGCGGACGCGGGTGCC,GGGTGTGGAATCAACCCACAGCTGC,0.002472125039396936,0.06666666666666667,1.0,15.0
4,CALR c.1150_1154delinsTGTC,CCTTC,CTTGTCC,1149,CGACAC,CCTCATCTTTGTCCTCATCATCCTC,TCTGCCTCCTCCTCCTCTTTGCGTT,,0.00016157699143641945,1.0,6189.0
32,JAK2 c.3187_3189,ACGC,TACGC,3186,TACGC,TGTCCTTGTTTGTCATTGCCAATCA,ATAAATTCCGCTGGTGGACTTTTAC,0.003304870569043036,0.0018552875695732839,1.0,539.0
23,SETD2 c.4702A>G,TTGCC,TTGGC,4699,TCGGC,GACAAAGGTGTTCGAAGGAAGGTCT,AGCTCTCAAGCCCCAGCCTTTCTTT,0.0024721534072314534,0.004210526315789474,2.0,475.0
2,TP53 c.818G>A,ACAC,ACGC,816,ATGC,GGTCTCTCCCAGGACAGGCACAAAC,ACCTCAAAGCTGTTCCGTCCCAGTA,0.002472125039396936,0.004965243296921549,5.0,1007.0
26,TET2 c.4249G>T,CGT,ACGT,4247,AAGT,GTCAGAGACTTTGTATAAAGGCAGA,GAAGCTGCTCATCCTCAGGTTTTCC,0.003304870569043036,0.004143646408839779,3.0,724.0
25,EZH2 c.453_455del,ATTTTTTTTT,ATTTTTTAT,448,ATTTAT,TATCCCCGTGTACTTTCCCATCATA,TAGTTCTTCAATGAAAGTACCATCC,8.48476928559279e-06,0.017857142857142856,1.0,56.0
4,CALR c.1150_1154delinsTGTC,CTCATCCTCATCTTTGTCC,CTTGTCC,1149,CGACAC,CCTCATCTTTGTCCTCATCATCCTC,TCTGCCTCCTCCTCCTCTTTGCGTT,,0.00016157699143641945,1.0,6189.0
14,SH2B3 c.894G>A,GCCA,TCCA,892,TTCA,CCTGTGCACTCCGAGAGCTCAGCCA,TGAATTCAGCTGCTGCTCGTCTCCC,0.002472125039396936,0.0004170141784820684,1.0,2398.0
46,KRAS c.173C>T,TTGT,CTGT,172,CTAT,ATTGCACTGTACTCCTCTTGACCTG,GTCGAGAATATCCAAGAGACAGGTT,0.002472125039396936,0.0040595399188092015,3.0,739.0
53,CBL c.1259G>A,ACGAC,TCGGC,1256,TTGGC,TGGGTTCAGTACCTTTAATTTCACA,AGAAAGGACAGCCCTGACCTTCTGA,,0.00045934772622875517,1.0,2177.0
25,EZH2 c.453_455del,ATTTTTTATT,ATTTTTTAT,448,ATTTAT,TATCCCCGTGTACTTTCCCATCATA,TAGTTCTTCAATGAAAGTACCATCC,0.0033671867419323145,0.03571428571428571,2.0,56.0
33,TET2 c.2908dupA,ATT,GTT,2907,GTTT,GTGCATCTGACTATGGCAAGACTCA,TGGGGTTGCTGTGTTTGCTGCTGTT,0.0024721732398877805,0.0013783597518952446,2.0,1451.0
18,TP53 c.742C>T,CGGTT,CGGT,740,CAGT,TGTGATGATGGTGAGGATGGGCCTC,TCATGCCGCCCATGCAGGAACTGTT,0.0033671867419323145,0.0022727272727272726,2.0,880.0
42,SF3B1 c.2098A>G,CTTACT,CTTTCT,2096,CTTCCT,ATGGCCAAAGCACTGATGGTCCGAA,GCTGCTCATCCACAAGACCATGTTC,0.002472125039396936,0.0017863522686673813,5.0,2799.0
48,SRSF2 c.161C>T,GGACT,GGAC,159,GAAC,GAAAGCGAACGAAGGCGAAGCCGCG,TCCTTGGTGTAGCGGTCCCGCGGGA,0.0033671867419323145,0.00022241992882562276,1.0,4496.0
43,SF3B1 c.1998G>T,TTCT,ATCT,1997,ATAT,CATAAGAATAGCTATCTGTTGTACA,TAATACCAGTGTGTCTCGCTTGCCA,0.002472125039396936,0.0020242914979757085,1.0,494.0
10,DNMT3A c.2644C>T,CGCT,CGGCT,2641,CAGCT,GCCCAGCAGTCTCTGCCTCGCCAAG,CATGTTGGAGACGTCAGTATAGTGG,8.265261159537971e-06,0.0021929824561403508,1.0,456.0
4,CALR c.1150_1154delinsTGTC,A,CTTGTCC,1149,CGACAC,CCTCATCTTTGTCCTCATCATCCTC,TCTGCCTCCTCCTCCTCTTTGCGTT,,0.00016157699143641945,1.0,6189.0
4,CALR c.1150_1154delinsTGTC,CTCATCCTCATC,CTTGTCC,1149,CGACAC,CCTCATCTTTGTCCTCATCATCCTC,TCTGCCTCCTCCTCCTCTTTGCGTT,,0.0003231539828728389,2.0,6189.0
22,U2AF1 c.470A>C,GCTG,ACTG,469,ACGG,CCTCGTGTGCATTCTCCCATCTCAT,ACGGCAGCAGGCTTCTCTGAAGTCC,0.002472125039396936,0.00042408821034775233,1.0,2358.0
56,RRAS c.116G>T,GCCG,GCCG,114,GACG,GGATGGTCAGCGCGCTCTTGCCCAC,CCGCCGCCCACGACCACCAGCTTGT,0.9810645848898527,0.25,1.0,4.0
4,CALR c.1150_1154delinsTGTC,CTTGTCT,CTTGTCC,1149,CGACAC,CCTCATCTTTGTCCTCATCATCCTC,TCTGCCTCCTCCTCCTCTTTGCGTT,0.002472125039396936,0.0004847309743092584,3.0,6189.0
10,DNMT3A c.2644C>T,CGACT,CGGCT,2641,CAGCT,GCCCAGCAGTCTCTGCCTCGCCAAG,CATGTTGGAGACGTCAGTATAGTGG,0.002472125039396936,0.006578947368421052,3.0,456.0
57,RUNX1 c.1103dupC,CGAGCC,CGGGCC,1099,CGGGGCC,GGTAGGAGGGCGAGCTGGCTTGGAA,TCCCTGCGCTTGCGACGAGCCGGGG,0.002472125039396936,0.0018613308515588647,4.0,2149.0
40,ASXL1 c.2407C>T,,TGCT,2405,TACT,ATTGTCTGCAGGAACGGTGGGTCCT,CCTCATCATCACTTTCCCAGGAAGT,1.5744701285354717e-07,0.0013192612137203166,1.0,758.0
29,TP53 c.393_395del,ACTTGT,ATCTTGT,392,ATCT,GCAGGTCTTGGCCAGTTGGCAAAAC,TGAGGGCAGGGGAGTACGTGCAAGT,8.265261159537971e-06,0.0036363636363636364,1.0,275.0
5,JAK2 c.1849G>T,CCC,CAC,1847,AAC,TGAACCAGAATATTCTCGTCTCCACAGA,ATACTCCATAATTTAAAACCAAATGCTTGTGAGAAAGCTTGCTC,0.0024721732398877805,0.0024509803921568627,2.0,816.0
22,U2AF1 c.470A>C,GG,ACTG,469,ACGG,CCTCGTGTGCATTCTCCCATCTCAT,ACGGCAGCAGGCTTCTCTGAAGTCC,7.288279935006296e-07,0.00042408821034775233,1.0,2358.0
1,ZRSR2 c.883C>T,CGC,CGT,882,CAT,GGGGCAGAATTCACACTGCAGCTGT,CCTGCATACCATCGTCCGTTAAACA,0.002472125039396936,0.0021551724137931034,1.0,464.0
48,SRSF2 c.161C>T,AC,GGAC,159,GAAC,GAAAGCGAACGAAGGCGAAGCCGCG,TCCTTGGTGTAGCGGTCCCGCGGGA,0.00029360887694812653,0.00022241992882562276,1.0,4496.0
32,JAK2 c.3187_3189,TCGC,TACGC,3186,TACGC,TGTCCTTGTTTGTCATTGCCAATCA,ATAAATTCCGCTGGTGGACTTTTAC,8.265261159537971e-06,0.0055658627087198514,3.0,539.0
15,JAK2 c.892T>C,CGCT,CACT,890,CGCT,ACTTTCTTTATGTTTCCCTCTTGAC,GAATTCCACCGTTTCCAGTTATTAT,0.002472125039396936,0.0024330900243309003,2.0,822.0
53,CBL c.1259G>A,TCGGCA,TCGGC,1256,TTGGC,TGGGTTCAGTACCTTTAATTTCACA,AGAAAGGACAGCCCTGACCTTCTGA,0.0033671867419323145,0.0009186954524575103,2.0,2177.0
10,DNMT3A c.2644C>T,CAGCT,CGGCT,2641,CAGCT,GCCCAGCAGTCTCTGCCTCGCCAAG,CATGTTGGAGACGTCAGTATAGTGG,0.002472125039396936,0.006578947368421052,3.0,456.0
16,NFE2 c.817C>T,AGT,CGT,816,CAT,CTGGGCTGCCACCTTGTTTTTGCCC,CGTCGGATGTCCCGGACTAGCGCTA,0.002472125039396936,0.0004576659038901602,1.0,2185.0
44,NFE2 c.190_194del,AGTAAATT,AGTAAGTT,189,AGT,GAATCTGGGTGGATTGAGCAGGGGC,GTGGGTGGTGGAGGTCCAAGGTATG,0.002472125039396936,0.0017889087656529517,3.0,1677.0
15,JAK2 c.892T>C,CCCT,CACT,890,CGCT,ACTTTCTTTATGTTTCCCTCTTGAC,GAATTCCACCGTTTCCAGTTATTAT,0.002472125039396936,0.0036496350364963502,3.0,822.0
32,JAK2 c.3187_3189,TCCGC,TACGC,3186,TACGC,TGTCCTTGTTTGTCATTGCCAATCA,ATAAATTCCGCTGGTGGACTTTTAC,0.002472125039396936,0.00927643784786642,5.0,539.0
8,TP53 c.536A>G,AAG,ATG,535,ACG,GACCATCGCTATCTGAGCAGCGCTC,GTGGGGGCAGCGCCTCACAACCTCC,0.0024721448720532633,0.01834862385321101,2.0,109.0
55,GATA2 c.1192C>T,CGGT,GGT,1190,AGT,TTCTTGGACTTGTTGGACATCTTCC,TCCGAGTCTGGATCCCTTCCTTCTT,0.0018679153724242465,0.002785515320334262,2.0,718.0
29,TP53 c.393_395del,ACCTTGT,ATCTTGT,392,ATCT,GCAGGTCTTGGCCAGTTGGCAAAAC,TGAGGGCAGGGGAGTACGTGCAAGT,0.002472125039396936,0.007272727272727273,2.0,275.0
21,TET2 c.5618T>C,AGT,AAT,5617,AGT,CATGCAGCTCACGCTTTGCACACTC,GAGAATTGACCCATGAGTTGGAGCC,0.0024721534072314534,0.003590664272890485,2.0,557.0
37,SETBP1 c.2602G>A,TCCC,TCGC,2600,TTGC,GTTGTTGTCTGTCCCAATGCCGCTG,TGGGGATCGTCTCCTCACTGTGGGA,0.002472125039396936,0.017467248908296942,4.0,229.0
49,PPM1D c.1547C>A,GGAGTTGAAA,GGAGTTGACA,1544,GGAGTTTACA,AATTTCTTGGGCTTTCATTTGGCCA,TCTTCAAATTTTTTTGGTCCATGAC,0.002472125039396936,0.019230769230769232,1.0,52.0
5,JAK2 c.1849G>T,CC,CAC,1847,AAC,TGAACCAGAATATTCTCGTCTCCACAGA,ATACTCCATAATTTAAAACCAAATGCTTGTGAGAAAGCTTGCTC,2.069135303091444e-05,0.0012254901960784314,1.0,816.0
4,CALR c.1150_1154delinsTGTC,CTGATCATCTTCCCCATCT,CTTGTCC,1149,CGACAC,CCTCATCTTTGTCCTCATCATCCTC,TCTGCCTCCTCCTCCTCTTTGCGTT,,0.0003231539828728389,2.0,6189.0
43,SF3B1 c.1998G>T,ACT,ATCT,1997,ATAT,CATAAGAATAGCTATCTGTTGTACA,TAATACCAGTGTGTCTCGCTTGCCA,8.26774815304775e-06,0.004048582995951417,2.0,494.0
27,ASXL1 c.4183C>G,TCAC,CCAGT,4182,CCACT,AAGGGCATCCCTTCCAAGTGACCCA,TCCAGGGGACTATGCCCAGTAGCTT,,0.002638522427440633,1.0,379.0
26,TET2 c.4249G>T,CCGT,ACGT,4247,AAGT,GTCAGAGACTTTGTATAAAGGCAGA,GAAGCTGCTCATCCTCAGGTTTTCC,0.002472125039396936,0.0055248618784530384,4.0,724.0
4,CALR c.1150_1154delinsTGTC,CTGATCATCTTCCTCA,CTTGTCC,1149,CGACAC,CCTCATCTTTGTCCTCATCATCCTC,TCTGCCTCCTCCTCCTCTTTGCGTT,,0.0003231539828728389,2.0,6189.0
6,IDH2 c.419G>A,CCGTAT,CCGGAT,415,CTGGAT,GGAAGACAGTCCCCCCCAGGATGTT,AGTTCCATTGGGACTTTTCCACATC,0.002472125039396936,0.000462962962962963,1.0,2160.0
4,CALR c.1150_1154delinsTGTC,CTCATCCTCATCTTTGTC,CTTGTCC,1149,CGACAC,CCTCATCTTTGTCCTCATCATCCTC,TCTGCCTCCTCCTCCTCTTTGCGTT,,0.00016157699143641945,1.0,6189.0
44,NFE2 c.190_194del,AGTAGGTT,AGTAAGTT,189,AGT,GAATCTGGGTGGATTGAGCAGGGGC,GTGGGTGGTGGAGGTCCAAGGTATG,0.002472125039396936,0.0005963029218843172,1.0,1677.0
51,PTPN11 c.1508G>A,TCCCT,TCCC,1507,TCTC,CGGTACTGTGCTTCTGTCTGGACCA,TGACCTCTGAGACCGCACCATCTGG,0.0033671867419323145,0.002257336343115124,1.0,443.0
2,TP53 c.818G>A,ATCC,ACGC,816,ATGC,GGTCTCTCCCAGGACAGGCACAAAC,ACCTCAAAGCTGTTCCGTCCCAGTA,,0.0009930486593843098,1.0,1007.0
5,JAK2 c.1849G>T,CAT,CAC,1847,AAC,TGAACCAGAATATTCTCGTCTCCACAGA,ATACTCCATAATTTAAAACCAAATGCTTGTGAGAAAGCTTGCTC,0.002472125039396936,0.0012254901960784314,1.0,816.0
4,CALR c.1150_1154delinsTGTC,,CTTGTCC,1149,CGACAC,CCTCATCTTTGTCCTCATCATCCTC,TCTGCCTCCTCCTCCTCTTTGCGTT,,0.00016157699143641945,1.0,6189.0
39,TET2 c.2439_2440insA,CAAT,CGAT,2438,CGATT,GGTCTGACTATAAGGGGAATTTCTA,TTATATTCTGTACTTCCTCCAGTCC,0.002472125039396936,0.005434782608695652,3.0,552.0
20,TET2 c.685dupA,TT,GTT,684,GTTT,ACAATCTGGATAATATTGAGACAGT,TTTTCCAGGAGTTCACCATGTGTGT,0.0033162972607988996,0.002849002849002849,1.0,351.0
26,TET2 c.4249G>T,ACG,ACGT,4247,AAGT,GTCAGAGACTTTGTATAAAGGCAGA,GAAGCTGCTCATCCTCAGGTTTTCC,0.004165039873879003,0.0027624309392265192,2.0,724.0
25,EZH2 c.453_455del,ATTATTTAT,ATTTTTTAT,448,ATTTAT,TATCCCCGTGTACTTTCCCATCATA,TAGTTCTTCAATGAAAGTACCATCC,0.002472125039396936,0.017857142857142856,1.0,56.0
4,CALR c.1150_1154delinsTGTC,ATCT,CTTGTCC,1149,CGACAC,CCTCATCTTTGTCCTCATCATCCTC,TCTGCCTCCTCCTCCTCTTTGCGTT,,0.00016157699143641945,1.0,6189.0
19,JAK2 c.731A>G,CTTT,GGCTTT,730,GGCTCT,ACTTAAGTTTCAAGTTTCTGGCAGT,GCATTGGCTGAATTGCTGAATAAAT,0.00029360887694812653,0.0016474464579901153,1.0,607.0
87,TET2 c.4537+2T>G,TTCC,,,TTCCC,CACATTTATCTACAAATGCTTTACATTAAAT,TGCCAACTGTTTAGCCTGGCTTGCG,,0.030303030303030304,1.0,33.0
6,IDH2 c.419G>A,CCGGAC,CCGGAT,415,CTGGAT,GGAAGACAGTCCCCCCCAGGATGTT,AGTTCCATTGGGACTTTTCCACATC,0.002472125039396936,0.000925925925925926,2.0,2160.0
18,TP53 c.742C>T,AGT,CGGT,740,CAGT,TGTGATGATGGTGAGGATGGGCCTC,TCATGCCGCCCATGCAGGAACTGTT,8.265261159537971e-06,0.0011363636363636363,1.0,880.0
51,PTPN11 c.1508G>A,CCC,TCCC,1507,TCTC,CGGTACTGTGCTTCTGTCTGGACCA,TGACCTCTGAGACCGCACCATCTGG,0.0033162972607988996,0.002257336343115124,1.0,443.0
2,TP53 c.818G>A,ATGC,ACGC,816,ATGC,GGTCTCTCCCAGGACAGGCACAAAC,ACCTCAAAGCTGTTCCGTCCCAGTA,0.002472125039396936,0.0019860973187686196,2.0,1007.0
53,CBL c.1259G>A,TCGTC,TCGGC,1256,TTGGC,TGGGTTCAGTACCTTTAATTTCACA,AGAAAGGACAGCCCTGACCTTCTGA,0.002472125039396936,0.0013780431786862655,3.0,2177.0
4,CALR c.1150_1154delinsTGTC,TTTGCGTTA,CTTGTCC,1149,CGACAC,CCTCATCTTTGTCCTCATCATCCTC,TCTGCCTCCTCCTCCTCTTTGCGTT,,0.00016157699143641945,1.0,6189.0
43,SF3B1 c.1998G>T,TCT,ATCT,1997,ATAT,CATAAGAATAGCTATCTGTTGTACA,TAATACCAGTGTGTCTCGCTTGCCA,0.0033048730560365455,0.006072874493927126,3.0,494.0
91,TP53 c.919_920,GCT,GC,919,GTT,AGAGGAGCTGGTGTTGTTGGGCAGT,TCGCTTAGTGCTCCCTGGGGGCAGC,0.0033671867419323145,0.001388888888888889,1.0,720.0
4,CALR c.1150_1154delinsTGTC,ATCCTCCTCATCCTCATCTTTGTCCTCATCATCCTCCTTGTCC,CTTGTCC,1149,CGACAC,CCTCATCTTTGTCCTCATCATCCTC,TCTGCCTCCTCCTCCTCTTTGCGTT,,0.00016157699143641945,1.0,6189.0
55,GATA2 c.1192C>T,GT,GGT,1190,AGT,TTCTTGGACTTGTTGGACATCTTCC,TCCGAGTCTGGATCCCTTCCTTCTT,0.003315292044798846,0.001392757660167131,1.0,718.0
48,SRSF2 c.161C>T,GGC,GGAC,159,GAAC,GAAAGCGAACGAAGGCGAAGCCGCG,TCCTTGGTGTAGCGGTCCCGCGGGA,1.86842354490895e-05,0.00022241992882562276,1.0,4496.0
43,SF3B1 c.1998G>T,ATCA,ATCT,1997,ATAT,CATAAGAATAGCTATCTGTTGTACA,TAATACCAGTGTGTCTCGCTTGCCA,0.002472125039396936,0.004048582995951417,2.0,494.0
44,NFE2 c.190_194del,GGTAAGTT,AGTAAGTT,189,AGT,GAATCTGGGTGGATTGAGCAGGGGC,GTGGGTGGTGGAGGTCCAAGGTATG,0.002472125039396936,0.0005963029218843172,1.0,1677.0
52,NFE2 c.137dupC,,GGCT,134,GGGCT,AGCTGGGGCTTGGGGCTCAAATGAT,CACTTGGAGCATTCAGACCCTGCAG,1.574470128535472e-07,0.0010964912280701754,3.0,2736.0
87,TET2 c.4537+2T>G,TACC,,,TTCCC,CACATTTATCTACAAATGCTTTACATTAAAT,TGCCAACTGTTTAGCCTGGCTTGCG,,0.030303030303030304,1.0,33.0
30,TP53 c.321C>G,GT,CGT,320,CCT,GAATGCAAGAAGCCCAGACGGAAAC,AGCTGCCCTGGTAGGTTTTCTGGGA,0.0033048755575028044,0.001890359168241966,1.0,529.0
46,KRAS c.173C>T,GT,CTGT,172,CTAT,ATTGCACTGTACTCCTCTTGACCTG,GTCGAGAATATCCAAGAGACAGGTT,0.0002949150931136523,0.0013531799729364006,1.0,739.0
53,CBL c.1259G>A,TCAGC,TCGGC,1256,TTGGC,TGGGTTCAGTACCTTTAATTTCACA,AGAAAGGACAGCCCTGACCTTCTGA,0.002472125039396936,0.0022967386311437757,5.0,2177.0
0,TP53 c.659A>G,A,TA,658,CA,GTCAGAGCCAACCTCAGGCGGCTCA,GGGCACCACCACACTATGTCGAAAA,0.0033172966609144117,0.010309278350515464,1.0,97.0
33,TET2 c.2908dupA,ATTT,GTT,2907,GTTT,GTGCATCTGACTATGGCAAGACTCA,TGGGGTTGCTGTGTTTGCTGCTGTT,1.3191615740724873e-05,0.0013783597518952446,2.0,1451.0
52,NFE2 c.137dupC,GAAT,GGCT,134,GGGCT,AGCTGGGGCTTGGGGCTCAAATGAT,CACTTGGAGCATTCAGACCCTGCAG,,0.0003654970760233918,1.0,2736.0
4,CALR c.1150_1154delinsTGTC,ATCTTCTCCT,CTTGTCC,1149,CGACAC,CCTCATCTTTGTCCTCATCATCCTC,TCTGCCTCCTCCTCCTCTTTGCGTT,,0.0003231539828728389,2.0,6189.0
43,SF3B1 c.1998G>T,ACCT,ATCT,1997,ATAT,CATAAGAATAGCTATCTGTTGTACA,TAATACCAGTGTGTCTCGCTTGCCA,0.002472125039396936,0.0020242914979757085,1.0,494.0
4,CALR c.1150_1154delinsTGTC,CTCTTCTCCT,CTTGTCC,1149,CGACAC,CCTCATCTTTGTCCTCATCATCCTC,TCTGCCTCCTCCTCCTCTTTGCGTT,,0.00016157699143641945,1.0,6189.0
25,EZH2 c.453_455del,ATTTTTTAG,ATTTTTTAT,448,ATTTAT,TATCCCCGTGTACTTTCCCATCATA,TAGTTCTTCAATGAAAGTACCATCC,0.002472125039396936,0.017857142857142856,1.0,56.0
12,MPL c.1771T>G,TCGT,TAGT,1769,TCGT,CAGGCAAGAAGGCTGCAATCTTCGG,CCATCTGGGCCTGGGAGGAACACAG,0.002472125039396936,0.002881844380403458,1.0,347.0
53,CBL c.1259G>A,CGTC,TCGGC,1256,TTGGC,TGGGTTCAGTACCTTTAATTTCACA,AGAAAGGACAGCCCTGACCTTCTGA,8.265261159537971e-06,0.00045934772622875517,1.0,2177.0
53,CBL c.1259G>A,TCAAC,TCGGC,1256,TTGGC,TGGGTTCAGTACCTTTAATTTCACA,AGAAAGGACAGCCCTGACCTTCTGA,,0.00045934772622875517,1.0,2177.0
14,SH2B3 c.894G>A,TCNA,TCCA,892,TTCA,CCTGTGCACTCCGAGAGCTCAGCCA,TGAATTCAGCTGCTGCTCGTCTCCC,0.002472125039396936,0.0004170141784820684,1.0,2398.0
46,KRAS c.173C>T,CTAT,CTGT,172,CTAT,ATTGCACTGTACTCCTCTTGACCTG,GTCGAGAATATCCAAGAGACAGGTT,0.002472125039396936,0.0013531799729364006,1.0,739.0
4,CALR c.1150_1154delinsTGTC,TTCTTCA,CTTGTCC,1149,CGACAC,CCTCATCTTTGTCCTCATCATCCTC,TCTGCCTCCTCCTCCTCTTTGCGTT,,0.00016157699143641945,1.0,6189.0
47,ASXL1 c.1636C>T,TGC,TGA,1635,TAA,ACTTTCAATTGTGTTACGAAAGGAC,CGATCTTCAAGCCGGGGCTTCTTTT,0.002472125039396936,0.0022935779816513763,2.0,872.0
4,CALR c.1150_1154delinsTGTC,CTCGTCC,CTTGTCC,1149,CGACAC,CCTCATCTTTGTCCTCATCATCCTC,TCTGCCTCCTCCTCCTCTTTGCGTT,0.002472125039396936,0.0003231539828728389,2.0,6189.0
39,TET2 c.2439_2440insA,CGCT,CGAT,2438,CGATT,GGTCTGACTATAAGGGGAATTTCTA,TTATATTCTGTACTTCCTCCAGTCC,0.002472125039396936,0.0018115942028985507,1.0,552.0
20,TET2 c.685dupA,T,GTT,684,GTTT,ACAATCTGGATAATATTGAGACAGT,TTTTCCAGGAGTTCACCATGTGTGT,0.00030894489610030064,0.002849002849002849,1.0,351.0
43,SF3B1 c.1998G>T,AACT,ATCT,1997,ATAT,CATAAGAATAGCTATCTGTTGTACA,TAATACCAGTGTGTCTCGCTTGCCA,0.002472125039396936,0.0020242914979757085,1.0,494.0
29,TP53 c.393_395del,ATCTTGA,ATCTTGT,392,ATCT,GCAGGTCTTGGCCAGTTGGCAAAAC,TGAGGGCAGGGGAGTACGTGCAAGT,0.002472125039396936,0.007272727272727273,2.0,275.0
50,SH2B3 c.1527del,GAGTC,GAGCC,1526,GAGC,ATCGCCCTGGGAGACCCTCTGGGCT,CCCGGGGACAGCCAGAAGAACTAAG,0.002472125039396936,0.0011376564277588168,1.0,879.0
39,TET2 c.2439_2440insA,AGAT,CGAT,2438,CGATT,GGTCTGACTATAAGGGGAATTTCTA,TTATATTCTGTACTTCCTCCAGTCC,0.002472125039396936,0.0018115942028985507,1.0,552.0
22,U2AF1 c.470A>C,ACTN,ACTG,469,ACGG,CCTCGTGTGCATTCTCCCATCTCAT,ACGGCAGCAGGCTTCTCTGAAGTCC,0.002472125039396936,0.00042408821034775233,1.0,2358.0
29,TP53 c.393_395del,ATCTTTT,ATCTTGT,392,ATCT,GCAGGTCTTGGCCAGTTGGCAAAAC,TGAGGGCAGGGGAGTACGTGCAAGT,0.002472125039396936,0.0036363636363636364,1.0,275.0
43,SF3B1 c.1998G>T,GTCT,ATCT,1997,ATAT,CATAAGAATAGCTATCTGTTGTACA,TAATACCAGTGTGTCTCGCTTGCCA,0.002472125039396936,0.0020242914979757085,1.0,494.0
50,SH2B3 c.1527del,GCC,GAGCC,1526,GAGC,ATCGCCCTGGGAGACCCTCTGGGCT,CCCGGGGACAGCCAGAAGAACTAAG,0.00029360887694812653,0.0011376564277588168,1.0,879.0
4,CALR c.1150_1154delinsTGTC,CTTGTCCTC,CTTGTCC,1149,CGACAC,CCTCATCTTTGTCCTCATCATCCTC,TCTGCCTCCTCCTCCTCTTTGCGTT,,0.00016157699143641945,1.0,6189.0
5,JAK2 c.1849G>T,CAAC,CAC,1847,AAC,TGAACCAGAATATTCTCGTCTCCACAGA,ATACTCCATAATTTAAAACCAAATGCTTGTGAGAAAGCTTGCTC,1.3191615740724873e-05,0.0012254901960784314,1.0,816.0
27,ASXL1 c.4183C>G,CCAAT,CCAGT,4182,CCACT,AAGGGCATCCCTTCCAAGTGACCCA,TCCAGGGGACTATGCCCAGTAGCTT,0.002472125039396936,0.005277044854881266,2.0,379.0
29,TP53 c.393_395del,ATCTGT,ATCTTGT,392,ATCT,GCAGGTCTTGGCCAGTTGGCAAAAC,TGAGGGCAGGGGAGTACGTGCAAGT,,0.007272727272727273,2.0,275.0
39,TET2 c.2439_2440insA,CGAA,CGAT,2438,CGATT,GGTCTGACTATAAGGGGAATTTCTA,TTATATTCTGTACTTCCTCCAGTCC,0.002472125039396936,0.005434782608695652,3.0,552.0
54,ASXL1 c.1249C>T,CGAA,CGGA,1247,CAGA,GTACAGATTCCTTCTGGCTCTGGTT,GATCTGGCCGAGAGCGTTTCTTAAA,0.0024721534072314534,0.0030864197530864196,2.0,648.0
15,JAK2 c.892T>C,CCC,CACT,890,CGCT,ACTTTCTTTATGTTTCCCTCTTGAC,GAATTCCACCGTTTCCAGTTATTAT,1.042147575581039e-05,0.0012165450121654502,1.0,822.0
34,SRSF2 c.284_307del,CGGCGGCTGTGGTGTGAGTCCGGGGGGC,CGGCGGCTGTGGTGTGAGTCCGGGGGGC,281,CGGC,CCCGTACCTGCGGGGTGGCGGTCCC,GGCCGTAGCGCGCCATTTGCACCCG,0.9810645848898527,1.0,1.0,1.0
41,ASXL1 c.2245_2246insGG,AGGGAGT,GGGGAGT,2244,GGGGAGCCT,ATGGCTGGTCCCCAGTGGGAGCAAC,TGGGAGGCATCTCCTAGCCCATCTG,0.002472125039396936,0.0014903129657228018,1.0,671.0
12,MPL c.1771T>G,TAGC,TAGT,1769,TCGT,CAGGCAAGAAGGCTGCAATCTTCGG,CCATCTGGGCCTGGGAGGAACACAG,0.002472125039396936,0.002881844380403458,1.0,347.0
40,ASXL1 c.2407C>T,TACT,TGCT,2405,TACT,ATTGTCTGCAGGAACGGTGGGTCCT,CCTCATCATCACTTTCCCAGGAAGT,0.002472125039396936,0.0013192612137203166,1.0,758.0
43,SF3B1 c.1998G>T,ATCTT,ATCT,1997,ATAT,CATAAGAATAGCTATCTGTTGTACA,TAATACCAGTGTGTCTCGCTTGCCA,0.0033671867419323145,0.004048582995951417,2.0,494.0
47,ASXL1 c.1636C>T,TAA,TGA,1635,TAA,ACTTTCAATTGTGTTACGAAAGGAC,CGATCTTCAAGCCGGGGCTTCTTTT,0.0024721534072314534,0.0011467889908256881,1.0,872.0
25,EZH2 c.453_455del,TTTTTTAT,ATTTTTTAT,448,ATTTAT,TATCCCCGTGTACTTTCCCATCATA,TAGTTCTTCAATGAAAGTACCATCC,0.003304870569043036,0.017857142857142856,1.0,56.0
4,CALR c.1150_1154delinsTGTC,ATTC,CTTGTCC,1149,CGACAC,CCTCATCTTTGTCCTCATCATCCTC,TCTGCCTCCTCCTCCTCTTTGCGTT,,0.00016157699143641945,1.0,6189.0
25,EZH2 c.453_455del,ATTTTTTTAT,ATTTTTTAT,448,ATTTAT,TATCCCCGTGTACTTTCCCATCATA,TAGTTCTTCAATGAAAGTACCATCC,4.706846455132084e-06,0.017857142857142856,1.0,56.0
45,ASXL1 c.1815C>A,AGCA,GGCA,1813,GTCA,AGGGTCCTGGCGCCAGTCCAACCCC,GGAGGACTCCGTGGTGGGGATGATC,0.002472125039396936,0.02631578947368421,1.0,38.0
18,TP53 c.742C>T,CAAT,CGGT,740,CAGT,TGTGATGATGGTGAGGATGGGCCTC,TCATGCCGCCCATGCAGGAACTGTT,,0.0011363636363636363,1.0,880.0
30,TP53 c.321C>G,AGT,CGT,320,CCT,GAATGCAAGAAGCCCAGACGGAAAC,AGCTGCCCTGGTAGGTTTTCTGGGA,0.002472125039396936,0.001890359168241966,1.0,529.0
54,ASXL1 c.1249C>T,CAGA,CGGA,1247,CAGA,GTACAGATTCCTTCTGGCTCTGGTT,GATCTGGCCGAGAGCGTTTCTTAAA,0.002472125039396936,0.0015432098765432098,1.0,648.0
42,SF3B1 c.2098A>G,CTATCT,CTTTCT,2096,CTTCCT,ATGGCCAAAGCACTGATGGTCCGAA,GCTGCTCATCCACAAGACCATGTTC,0.002472125039396936,0.0003572704537334762,1.0,2799.0
39,TET2 c.2439_2440insA,CGT,CGAT,2438,CGATT,GGTCTGACTATAAGGGGAATTTCTA,TTATATTCTGTACTTCCTCCAGTCC,1.0416487296041751e-05,0.0018115942028985507,1.0,552.0
4,CALR c.1150_1154delinsTGTC,CTGATCATCTTCCCCA,CTTGTCC,1149,CGACAC,CCTCATCTTTGTCCTCATCATCCTC,TCTGCCTCCTCCTCCTCTTTGCGTT,,0.00016157699143641945,1.0,6189.0
8,TP53 c.536A>G,TG,ATG,535,ACG,GACCATCGCTATCTGAGCAGCGCTC,GTGGGGGCAGCGCCTCACAACCTCC,0.0033048755575028044,0.009174311926605505,1.0,109.0
52,NFE2 c.137dupC,ACT,GGCT,134,GGGCT,AGCTGGGGCTTGGGGCTCAAATGAT,CACTTGGAGCATTCAGACCCTGCAG,8.265261159537971e-06,0.0003654970760233918,1.0,2736.0
90,TP53 c.920-1G>A,GCT,,,GTT,AGAGGAGCTGGTGTTGTTGGGCAGT,AGGAAAGAGGCAAGGAAAGGTGATA,,1.0,1.0,1.0
6,IDH2 c.419G>A,CCGGCT,CCGGAT,415,CTGGAT,GGAAGACAGTCCCCCCCAGGATGTT,AGTTCCATTGGGACTTTTCCACATC,0.002472125039396936,0.000462962962962963,1.0,2160.0
51,PTPN11 c.1508G>A,TCAC,TCCC,1507,TCTC,CGGTACTGTGCTTCTGTCTGGACCA,TGACCTCTGAGACCGCACCATCTGG,0.002472125039396936,0.004514672686230248,2.0,443.0
57,RUNX1 c.1103dupC,GGGCC,CGGGCC,1099,CGGGGCC,GGTAGGAGGGCGAGCTGGCTTGGAA,TCCCTGCGCTTGCGACGAGCCGGGG,0.003304873070509295,0.00046533271288971617,1.0,2149.0
42,SF3B1 c.2098A>G,CTTTC,CTTTCT,2096,CTTCCT,ATGGCCAAAGCACTGATGGTCCGAA,GCTGCTCATCCACAAGACCATGTTC,0.004165039873879003,0.0003572704537334762,1.0,2799.0
42,SF3B1 c.2098A>G,TTTCT,CTTTCT,2096,CTTCCT,ATGGCCAAAGCACTGATGGTCCGAA,GCTGCTCATCCACAAGACCATGTTC,0.003304870569043036,0.0003572704537334762,1.0,2799.0
32,JAK2 c.3187_3189,TACGG,TACGC,3186,TACGC,TGTCCTTGTTTGTCATTGCCAATCA,ATAAATTCCGCTGGTGGACTTTTAC,0.002472125039396936,0.0037105751391465678,2.0,539.0
4,CALR c.1150_1154delinsTGTC,G,CTTGTCC,1149,CGACAC,CCTCATCTTTGTCCTCATCATCCTC,TCTGCCTCCTCCTCCTCTTTGCGTT,,0.0003231539828728389,2.0,6189.0
44,NFE2 c.190_194del,AGTAAGCT,AGTAAGTT,189,AGT,GAATCTGGGTGGATTGAGCAGGGGC,GTGGGTGGTGGAGGTCCAAGGTATG,0.002472125039396936,0.0005963029218843172,1.0,1677.0
43,SF3B1 c.1998G>T,ACTT,ATCT,1997,ATAT,CATAAGAATAGCTATCTGTTGTACA,TAATACCAGTGTGTCTCGCTTGCCA,2.836783451736667e-08,0.0020242914979757085,1.0,494.0
9,IDH1 c.395G>A,CCGA,ACGA,393,ATGA,CTCTGTATTGATCCCCATAAGCATG,CCTATGATGATAGGTTTTACCCATC,0.002472125039396936,0.006622516556291391,1.0,151.0
57,RUNX1 c.1103dupC,CGGGTC,CGGGCC,1099,CGGGGCC,GGTAGGAGGGCGAGCTGGCTTGGAA,TCCCTGCGCTTGCGACGAGCCGGGG,0.002472125039396936,0.00046533271288971617,1.0,2149.0
43,SF3B1 c.1998G>T,CT,ATCT,1997,ATAT,CATAAGAATAGCTATCTGTTGTACA,TAATACCAGTGTGTCTCGCTTGCCA,0.0002949150931136523,0.0020242914979757085,1.0,494.0
52,NFE2 c.137dupC,GTCT,GGCT,134,GGGCT,AGCTGGGGCTTGGGGCTCAAATGAT,CACTTGGAGCATTCAGACCCTGCAG,0.002472125039396936,0.0003654970760233918,1.0,2736.0
40,ASXL1 c.2407C>T,TCT,TGCT,2405,TACT,ATTGTCTGCAGGAACGGTGGGTCCT,CCTCATCATCACTTTCCCAGGAAGT,8.265261159537971e-06,0.0013192612137203166,1.0,758.0
46,KRAS c.173C>T,TGT,CTGT,172,CTAT,ATTGCACTGTACTCCTCTTGACCTG,GTCGAGAATATCCAAGAGACAGGTT,0.0033048730560365455,0.0027063599458728013,2.0,739.0
29,TP53 c.393_395del,GTCTTGT,ATCTTGT,392,ATCT,GCAGGTCTTGGCCAGTTGGCAAAAC,TGAGGGCAGGGGAGTACGTGCAAGT,0.002472125039396936,0.0036363636363636364,1.0,275.0
52,NFE2 c.137dupC,GGC,GGCT,134,GGGCT,AGCTGGGGCTTGGGGCTCAAATGAT,CACTTGGAGCATTCAGACCCTGCAG,0.004165042360872512,0.0003654970760233918,1.0,2736.0
31,TET2 c.3218G>A,GTC,GTTC,"[3217, 3280]",GTTC,TCTAAAGCTGGGGTGTGGCTATCAA,TGCAGCAGTGGTTTGTCTAGTCAAA,1.8681748455579722e-05,0.0026041666666666665,1.0,384.0
22,U2AF1 c.470A>C,ATG,ACTG,469,ACGG,CCTCGTGTGCATTCTCCCATCTCAT,ACGGCAGCAGGCTTCTCTGAAGTCC,8.265261159537971e-06,0.00042408821034775233,1.0,2358.0
53,CBL c.1259G>A,TCGGT,TCGGC,1256,TTGGC,TGGGTTCAGTACCTTTAATTTCACA,AGAAAGGACAGCCCTGACCTTCTGA,0.002472125039396936,0.0009186954524575103,2.0,2177.0
20,TET2 c.685dupA,GTA,GTT,684,GTTT,ACAATCTGGATAATATTGAGACAGT,TTTTCCAGGAGTTCACCATGTGTGT,0.0024721534072314534,0.002849002849002849,1.0,351.0
7,NRAS c.35G>A,GCCT,ACCT,33,ATCT,TTGTCAGTGCGCTTTTCCCAACACC,GCTCCAACCACCACCAGTTTGTACT,0.002472125039396936,0.0006064281382656155,1.0,1649.0
57,RUNX1 c.1103dupC,CGGTCC,CGGGCC,1099,CGGGGCC,GGTAGGAGGGCGAGCTGGCTTGGAA,TCCCTGCGCTTGCGACGAGCCGGGG,0.002472125039396936,0.00046533271288971617,1.0,2149.0
36,HRAS c.26_28del,,CGCCGGCGCCCA,26,CGCCGGCGC,ATGGTCAGCGCACTCTTGCCCACAC,CCACCACCAGCTTATATTCCGTCAT,,,0.0,0.0
75,ASXL1 c.2081_2099dup_0,,,,,ATTTAGAGGATAAGGCGGCAGTAGT,TGTGTAAGGCGGCAGTAGTTGTGTT,,,0.0,0.0
