name,lhs_probe,rhs_probe,type,lhs_idt_order,rhs_idt_order,gap_probe_sequence,gapfill_start,gapfill_end,gene
ANO10 c.799A>G,AGTGTCCCCCACCTGTAGGTCATGT,TGGCACAGCCACGCTTCCACAGTTC,wt,GTGACTGGAGTTCAGACGTGTGCTCTTCCGATCTAGTGTCCCCCACCTGTAGGTCATGT,/5Phos/TGGCACAGCCACGCTTCCACAGTTCACGCGGTTAGCACGTANNAGTAGGCTCGGTCCTAGCAA,,800,799,ANO10
MGA c.3808T>C,TATGGTTCTCAGGGCTAGAATGACA,TGAAGTTTGCTGCTGAAATGATGGA,wt,GTGACTGGAGTTCAGACGTGTGCTCTTCCGATCTTATGGTTCTCAGGGCTAGAATGACA,/5Phos/TGAAGTTTGCTGCTGAAATGATGGAACGCGGTTAGCACGTANNAGTAGGCTCGGTCCTAGCAA,,3808,3807,MGA
CEP350 c.4336A>G,CACAGATTTGACGTGCTGCGTCTGC,GGTGAGGCGAGCAGTTTCTGACTGC,mutated,GTGACTGGAGTTCAGACGTGTGCTCTTCCGATCTCACAGATTTGACGTGCTGCGTCTGC,/5Phos/GGTGAGGCGAGCAGTTTCTGACTGCACGCGGTTAGCACGTANNAGTAGGCTCGGTCCTAGCAA,,,,CEP350
LATS1 c.1591C>T,TTGAAGCGGTTCCCTCAGGAAAAGA,ACTGGGTTGAACAGTTTGAATTGGC,mutated,GTGACTGGAGTTCAGACGTGTGCTCTTCCGATCTTTGAAGCGGTTCCCTCAGGAAAAGA,/5Phos/ACTGGGTTGAACAGTTTGAATTGGCACGCGGTTAGCACGTANNAGTAGGCTCGGTCCTAGCAA,,,,LATS1
MON1A c.501T>C,CCTCAGACCCATAGCGGGAGTACAC,GGGCTTCCCTGCCTCACTCAGCACA,mutated,GTGACTGGAGTTCAGACGTGTGCTCTTCCGATCTCCTCAGACCCATAGCGGGAGTACAC,/5Phos/GGGCTTCCCTGCCTCACTCAGCACAACGCGGTTAGCACGTANNAGTAGGCTCGGTCCTAGCAA,,,,MON1A
QSOX2 c.376A>G,TAGTCATGGCACACGGCCTGGTTCT,CCTCTTCCATGCAGTCCAGAGCTGC,mutated,GTGACTGGAGTTCAGACGTGTGCTCTTCCGATCTTAGTCATGGCACACGGCCTGGTTCT,/5Phos/CCTCTTCCATGCAGTCCAGAGCTGCACGCGGTTAGCACGTANNAGTAGGCTCGGTCCTAGCAA,,,,QSOX2
SACS c.7497C>T,TTCTAAGGCTTTGTGTCGCTTTGGA,ACTGCTCCTAGTTTTACTGCTACTT,mutated,GTGACTGGAGTTCAGACGTGTGCTCTTCCGATCTTTCTAAGGCTTTGTGTCGCTTTGGA,/5Phos/ACTGCTCCTAGTTTTACTGCTACTTACGCGGTTAGCACGTANNAGTAGGCTCGGTCCTAGCAA,,,,SACS
SBNO1 c.627G>A,TCATGGTTGGGGAAAAACTCCTCAT,TTTCATGTCGTTTATCCACATTCTA,mutated,GTGACTGGAGTTCAGACGTGTGCTCTTCCGATCTTCATGGTTGGGGAAAAACTCCTCAT,/5Phos/TTTCATGTCGTTTATCCACATTCTAACGCGGTTAGCACGTANNAGTAGGCTCGGTCCTAGCAA,,,,SBNO1
SLC23A2 c.1417G>A,ACGCAAAGAGGGCGCTGAACTTCCT,GATCATGCCCAGAGCGAGCATGAGG,mutated,GTGACTGGAGTTCAGACGTGTGCTCTTCCGATCTACGCAAAGAGGGCGCTGAACTTCCT,/5Phos/GATCATGCCCAGAGCGAGCATGAGGACGCGGTTAGCACGTANNAGTAGGCTCGGTCCTAGCAA,,,,SLC23A2
ZKSCAN5 c.1566A>G,CATCCTCTTTGAAGATGGTTGTCCC,AGTATCTCTTTCATGGGAATTCCCT,mutated,GTGACTGGAGTTCAGACGTGTGCTCTTCCGATCTCATCCTCTTTGAAGATGGTTGTCCC,/5Phos/AGTATCTCTTTCATGGGAATTCCCTACGCGGTTAGCACGTANNAGTAGGCTCGGTCCTAGCAA,,,,ZKSCAN5
GLB1 c.1824G>C,TGATGGTGTTTGGGGCCGAGGTCAT,GGATGTGCTGGGGCACAAACAAGGT,gapfill,GTGACTGGAGTTCAGACGTGTGCTCTTCCGATCTTGATGGTGTTTGGGGCCGAGGTCAT,/5Phos/GGATGTGCTGGGGCACAAACAAGGTACGCGGTTAGCACGTANNAGTAGGCTCGGTCCTAGCAA,GA,1823,1824,GLB1
HTT c.8157G>A,TCGCAGTTCTGTCAGCGTCACATAC,GCTCAAACTGGTTGCGCTCGGTGAA,gapfill,GTGACTGGAGTTCAGACGTGTGCTCTTCCGATCTTCGCAGTTCTGTCAGCGTCACATAC,/5Phos/GCTCAAACTGGTTGCGCTCGGTGAAACGCGGTTAGCACGTANNAGTAGGCTCGGTCCTAGCAA,ATTA,8156,8159,HTT
INSR c.1650G>A,ACCACCGTCCAACTGTTGGAACCAC,ATCCTGCCCGTCGAACTCCGTCACA,gapfill,GTGACTGGAGTTCAGACGTGTGCTCTTCCGATCTACCACCGTCCAACTGTTGGAACCAC,/5Phos/ATCCTGCCCGTCGAACTCCGTCACAACGCGGTTAGCACGTANNAGTAGGCTCGGTCCTAGCAA,ATGC,1648,1651,INSR
LMTK2 c.3852A>G,TCGTCGCTGTTTTCGTCCTCCTCGT,ATCCATCCCGTCCTCTGAGAGGTCG,gapfill,GTGACTGGAGTTCAGACGTGTGCTCTTCCGATCTTCGTCGCTGTTTTCGTCCTCCTCGT,/5Phos/ATCCATCCCGTCCTCTGAGAGGTCGACGCGGTTAGCACGTANNAGTAGGCTCGGTCCTAGCAA,CCGC,3850,3853,LMTK2
MADD c.1440T>C,TTGCAACATCCACAGAATCCACATC,TGCCATAGATGAGTGGGTTGAATTC,gapfill,GTGACTGGAGTTCAGACGTGTGCTCTTCCGATCTTTGCAACATCCACAGAATCCACATC,/5Phos/TGCCATAGATGAGTGGGTTGAATTCACGCGGTTAGCACGTANNAGTAGGCTCGGTCCTAGCAA,GT,1439,1440,MADD
NCBP1 c.1428G>A,TAAATGCAGGTTGGGTTTGCAGGAC,GAGCTGAGAAGGTAGGAGGAACAAT,gapfill,GTGACTGGAGTTCAGACGTGTGCTCTTCCGATCTTAAATGCAGGTTGGGTTTGCAGGAC,/5Phos/GAGCTGAGAAGGTAGGAGGAACAATACGCGGTTAGCACGTANNAGTAGGCTCGGTCCTAGCAA,ATA,1427,1429,NCBP1
PARP9 c.1444A>G,TCCACGTTGAATCCCATCAGATTGA,AGGAGATCTAGCTTCAAGCCCATTT,gapfill,GTGACTGGAGTTCAGACGTGTGCTCTTCCGATCTTCCACGTTGAATCCCATCAGATTGA,/5Phos/AGGAGATCTAGCTTCAAGCCCATTTACGCGGTTAGCACGTANNAGTAGGCTCGGTCCTAGCAA,CGGC,1441,1444,PARP9
SETD5 c.4131C>T,AGTCTGATGGCAATGACGACCTAGA,TCTGAGGAAAGGAGGTGGAACTCAG,gapfill,GTGACTGGAGTTCAGACGTGTGCTCTTCCGATCTAGTCTGATGGCAATGACGACCTAGA,/5Phos/TCTGAGGAAAGGAGGTGGAACTCAGACGCGGTTAGCACGTANNAGTAGGCTCGGTCCTAGCAA,AT,4130,4131,SETD5
SPN c.879C>T,CGTCCACCACCCCGTTACGCTTGCC,CTGCTCAGCACGAGGGCCCCAGTCC,gapfill,GTGACTGGAGTTCAGACGTGTGCTCTTCCGATCTCGTCCACCACCCCGTTACGCTTGCC,/5Phos/CTGCTCAGCACGAGGGCCCCAGTCCACGCGGTTAGCACGTANNAGTAGGCTCGGTCCTAGCAA,ACCT,876,879,SPN
TTF2 c.382G>A,GAGCTGGTTCTTGATTCTTGTCAAG,TGAATGGATTTCTCAGCCAGTTGGA,gapfill,GTGACTGGAGTTCAGACGTGTGCTCTTCCGATCTGAGCTGGTTCTTGATTCTTGTCAAG,/5Phos/TGAATGGATTTCTCAGCCAGTTGGAACGCGGTTAGCACGTANNAGTAGGCTCGGTCCTAGCAA,TATCT,380,384,TTF2
AKAP9 c.1389G>T,CCATTTCTCCCTTATGCCGTGTTTT,CATTTCCTCCATCTGTGCCATGTGT,0bp_genotyping,GTGACTGGAGTTCAGACGTGTGCTCTTCCGATCTCCATTTCTCCCTTATGCCGTGTTTT,/5Phos/CATTTCCTCCATCTGTGCCATGTGTACGCGGTTAGCACGTANNAGTAGGCTCGGTCCTAGCAA,,1390,1389,AKAP9
AKAP9 c.1389G>T,CCATTTCTCCCTTATGCCGTGTTTT,AATTTCCTCCATCTGTGCCATGTGT,0bp_genotyping,,/5Phos/AATTTCCTCCATCTGTGCCATGTGTACGCGGTTAGCACGTANNAGTAGGCTCGGTCCTAGCAA,,1390,1389,AKAP9
ARFGEF2 c.1294A>G,AGGCCACACAGAGATATTGCTTGAT,TGCATTGATGAACATCTCGTGAGTC,0bp_genotyping,GTGACTGGAGTTCAGACGTGTGCTCTTCCGATCTAGGCCACACAGAGATATTGCTTGAT,/5Phos/TGCATTGATGAACATCTCGTGAGTCACGCGGTTAGCACGTANNAGTAGGCTCGGTCCTAGCAA,,1294,1293,ARFGEF2
ARFGEF2 c.1294A>G,AGGCCACACAGAGATATTGCTTGAC,TGCATTGATGAACATCTCGTGAGTC,0bp_genotyping,GTGACTGGAGTTCAGACGTGTGCTCTTCCGATCTAGGCCACACAGAGATATTGCTTGAC,,,1294,1293,ARFGEF2
JAK2 c.1849G>T,CCAGAATATTCTCGTCTCCACAGAC,ACATACTCCATAATTTAAAACCAAATGCTTGTG,0bp_genotyping,GTGACTGGAGTTCAGACGTGTGCTCTTCCGATCTCCAGAATATTCTCGTCTCCACAGAC,/5Phos/ACATACTCCATAATTTAAAACCAAATGCTTGTGACGCGGTTAGCACGTANNAGTAGGCTCGGTCCTAGCAA,,1849,1848,JAK2
JAK2 c.1849G>T,CCAGAATATTCTCGTCTCCACAGAA,ACATACTCCATAATTTAAAACCAAATGCTTGTG,0bp_genotyping,GTGACTGGAGTTCAGACGTGTGCTCTTCCGATCTCCAGAATATTCTCGTCTCCACAGAA,,,1849,1848,JAK2
KIF20B c.4945A>G,TTCCTCTTCCGAGCCTTGGGAATCT,TAACTGTCACTGGTGTGGTACAACC,0bp_genotyping,GTGACTGGAGTTCAGACGTGTGCTCTTCCGATCTTTCCTCTTCCGAGCCTTGGGAATCT,/5Phos/TAACTGTCACTGGTGTGGTACAACCACGCGGTTAGCACGTANNAGTAGGCTCGGTCCTAGCAA,,"[4946, 4826]","[4945, 4825]",KIF20B
KIF20B c.4945A>G,TTCCTCTTCCGAGCCTTGGGAATCT,CAACTGTCACTGGTGTGGTACAACC,0bp_genotyping,,/5Phos/CAACTGTCACTGGTGTGGTACAACCACGCGGTTAGCACGTANNAGTAGGCTCGGTCCTAGCAA,,"[4946, 4826]","[4945, 4825]",KIF20B
MFSD12 c.1202G>T,GCTCATGGAGCCGTACACGAACGCT,CCGCTGTTCGTGTGGGGACCGATGA,0bp_genotyping,GTGACTGGAGTTCAGACGTGTGCTCTTCCGATCTGCTCATGGAGCCGTACACGAACGCT,/5Phos/CCGCTGTTCGTGTGGGGACCGATGAACGCGGTTAGCACGTANNAGTAGGCTCGGTCCTAGCAA,,1203,1202,MFSD12
MFSD12 c.1202G>T,GCTCATGGAGCCGTACACGAACGCT,ACGCTGTTCGTGTGGGGACCGATGA,0bp_genotyping,,/5Phos/ACGCTGTTCGTGTGGGGACCGATGAACGCGGTTAGCACGTANNAGTAGGCTCGGTCCTAGCAA,,1203,1202,MFSD12
MKI67 c.8158A>C,CACGTGTCCTGAGATGCCTCTTTGT,GCTTGCTGTGGTGTCTACCACTTCT,0bp_genotyping,GTGACTGGAGTTCAGACGTGTGCTCTTCCGATCTCACGTGTCCTGAGATGCCTCTTTGT,/5Phos/GCTTGCTGTGGTGTCTACCACTTCTACGCGGTTAGCACGTANNAGTAGGCTCGGTCCTAGCAA,,"[7078, 8158]","[7077, 8157]",MKI67
MKI67 c.8158A>C,CACGTGTCCTGAGATGCCTCTTTGG,GCTTGCTGTGGTGTCTACCACTTCT,0bp_genotyping,GTGACTGGAGTTCAGACGTGTGCTCTTCCGATCTCACGTGTCCTGAGATGCCTCTTTGG,,,"[7078, 8158]","[7077, 8157]",MKI67
SLC39A11 c.168T>C,AACTGCTGGGGCCAGAAGAGACCAA,TAGGAAGCTGCCAACATGACCCCTG,0bp_genotyping,GTGACTGGAGTTCAGACGTGTGCTCTTCCGATCTAACTGCTGGGGCCAGAAGAGACCAA,/5Phos/TAGGAAGCTGCCAACATGACCCCTGACGCGGTTAGCACGTANNAGTAGGCTCGGTCCTAGCAA,,168,167,SLC39A11
SLC39A11 c.168T>C,AACTGCTGGGGCCAGAAGAGACCAG,TAGGAAGCTGCCAACATGACCCCTG,0bp_genotyping,GTGACTGGAGTTCAGACGTGTGCTCTTCCGATCTAACTGCTGGGGCCAGAAGAGACCAG,,,168,167,SLC39A11
TAF1B c.1386G>T,TTTTTTTCCAGCAGTTGCTGTTGAC,TCGACCAGTGTGCTAAATTGTTTCT,0bp_genotyping,GTGACTGGAGTTCAGACGTGTGCTCTTCCGATCTTTTTTTTCCAGCAGTTGCTGTTGAC,/5Phos/TCGACCAGTGTGCTAAATTGTTTCTACGCGGTTAGCACGTANNAGTAGGCTCGGTCCTAGCAA,,1386,1385,TAF1B
TAF1B c.1386G>T,TTTTTTTCCAGCAGTTGCTGTTGAA,TCGACCAGTGTGCTAAATTGTTTCT,0bp_genotyping,GTGACTGGAGTTCAGACGTGTGCTCTTCCGATCTTTTTTTTCCAGCAGTTGCTGTTGAA,,,1386,1385,TAF1B
TP53 c.405insC,TGCACAGGGCAGGTCTTGGCCAGTT,GGCAAAACATCTTGTTGAGGGCAGG,0bp_genotyping,GTGACTGGAGTTCAGACGTGTGCTCTTCCGATCTTGCACAGGGCAGGTCTTGGCCAGTT,/5Phos/GGCAAAACATCTTGTTGAGGGCAGGACGCGGTTAGCACGTANNAGTAGGCTCGGTCCTAGCAA,,"[407, 11, -70, 290, 128]","[406, 10, -71, 289, 127]",TP53
TP53 c.405insC,TGCACAGGGCAGGTCTTGGCCAGTT,GGGCAAAACATCTTGTTGAGGGCAG,0bp_genotyping,,/5Phos/GGGCAAAACATCTTGTTGAGGGCAGACGCGGTTAGCACGTANNAGTAGGCTCGGTCCTAGCAA,,"[407, 11, -70, 290, 128]","[406, 10, -71, 289, 127]",TP53
TP53 c.742C>T,GTGATGATGGTGAGGATGGGCCTCC,GGTTCATGCCGCCCATGCAGGAACT,0bp_genotyping,GTGACTGGAGTTCAGACGTGTGCTCTTCCGATCTGTGATGATGGTGAGGATGGGCCTCC,/5Phos/GGTTCATGCCGCCCATGCAGGAACTACGCGGTTAGCACGTANNAGTAGGCTCGGTCCTAGCAA,,"[743, 347, 266, 626, 464]","[742, 346, 265, 625, 463]",TP53
TP53 c.742C>T,GTGATGATGGTGAGGATGGGCCTCC,AGTTCATGCCGCCCATGCAGGAACT,0bp_genotyping,,/5Phos/AGTTCATGCCGCCCATGCAGGAACTACGCGGTTAGCACGTANNAGTAGGCTCGGTCCTAGCAA,,"[743, 347, 266, 626, 464]","[742, 346, 265, 625, 463]",TP53
ZNF609 c.2601C>T,TAGCCCCTTCTTTAACCAACTGTTC,GGCGTCCTTTGATTTGACACTGTCT,0bp_genotyping,GTGACTGGAGTTCAGACGTGTGCTCTTCCGATCTTAGCCCCTTCTTTAACCAACTGTTC,/5Phos/GGCGTCCTTTGATTTGACACTGTCTACGCGGTTAGCACGTANNAGTAGGCTCGGTCCTAGCAA,,2602,2601,ZNF609
ZNF609 c.2601C>T,TAGCCCCTTCTTTAACCAACTGTTC,AGCGTCCTTTGATTTGACACTGTCT,0bp_genotyping,,/5Phos/AGCGTCCTTTGATTTGACACTGTCTACGCGGTTAGCACGTANNAGTAGGCTCGGTCCTAGCAA,,2602,2601,ZNF609
AKAP9,TTCTCAGACACTGTATCACTGCCTT,CAAGGTACCACATTCCTCTTTCAGT,0bp_control,GTGACTGGAGTTCAGACGTGTGCTCTTCCGATCTTTCTCAGACACTGTATCACTGCCTT,/5Phos/CAAGGTACCACATTCCTCTTTCAGTACGCGGTTAGCACGTANNAGTAGGCTCGGTCCTAGCAA,,"[8614, 3259]","[8613, 3258]",AKAP9
ANO10,TTCAGGTTCTCGGTCACGAGCTTCA,TTTGCTGCTGCTTGAGTGCCTCCAA,0bp_control,GTGACTGGAGTTCAGACGTGTGCTCTTCCGATCTTTCAGGTTCTCGGTCACGAGCTTCA,/5Phos/TTTGCTGCTGCTTGAGTGCCTCCAAACGCGGTTAGCACGTANNAGTAGGCTCGGTCCTAGCAA,,"[1919, 1349]","[1918, 1348]",ANO10
ARFGEF2,TGTCGGCTAGGATCTTCTCCAGGGC,CCGGGACACGAACATGCTCTTGGTC,0bp_control,GTGACTGGAGTTCAGACGTGTGCTCTTCCGATCTTGTCGGCTAGGATCTTCTCCAGGGC,/5Phos/CCGGGACACGAACATGCTCTTGGTCACGCGGTTAGCACGTANNAGTAGGCTCGGTCCTAGCAA,,40,39,ARFGEF2
CEP350,GAGTTCCTTGGATTTGGTAAAGGCA,CCTCTTTTGATTTGCTGCTCCTCAT,0bp_control,GTGACTGGAGTTCAGACGTGTGCTCTTCCGATCTGAGTTCCTTGGATTTGGTAAAGGCA,/5Phos/CCTCTTTTGATTTGCTGCTCCTCATACGCGGTTAGCACGTANNAGTAGGCTCGGTCCTAGCAA,,26,25,CEP350
GLB1,TGTCCACAGCTGCCAGGTAATCTGG,GTCGGAGGAGCGGAGAAGAATAGAC,0bp_control,GTGACTGGAGTTCAGACGTGTGCTCTTCCGATCTTGTCCACAGCTGCCAGGTAATCTGG,/5Phos/GTCGGAGGAGCGGAGAAGAATAGACACGCGGTTAGCACGTANNAGTAGGCTCGGTCCTAGCAA,,454,453,GLB1
HTT,CAGCAGAGTGGAGTGTTCATCCTCG,ACAGGAACGAGTAAGCCTAAGAGCA,0bp_control,GTGACTGGAGTTCAGACGTGTGCTCTTCCGATCTCAGCAGAGTGGAGTGTTCATCCTCG,/5Phos/ACAGGAACGAGTAAGCCTAAGAGCAACGCGGTTAGCACGTANNAGTAGGCTCGGTCCTAGCAA,,906,905,HTT
INSR,GTGAAGTGTCGCAAGCCGGAGATGA,CCAGCGACTCCTTGTTCACCACCTT,0bp_control,GTGACTGGAGTTCAGACGTGTGCTCTTCCGATCTGTGAAGTGTCGCAAGCCGGAGATGA,/5Phos/CCAGCGACTCCTTGTTCACCACCTTACGCGGTTAGCACGTANNAGTAGGCTCGGTCCTAGCAA,,"[2387, 2423]","[2386, 2422]",INSR
JAK2,ATAGAAGAGGTGGATGTTCCCTCCA,TTTCTGTCATCGTAAGGCAGGCCAT,0bp_control,GTGACTGGAGTTCAGACGTGTGCTCTTCCGATCTATAGAAGAGGTGGATGTTCCCTCCA,/5Phos/TTTCTGTCATCGTAAGGCAGGCCATACGCGGTTAGCACGTANNAGTAGGCTCGGTCCTAGCAA,,32,31,JAK2
KIF20B,AAAACTGAATTTCTGTGCCATCTGC,CCTGAGCTTTTTTCACTTAACCGAC,0bp_control,GTGACTGGAGTTCAGACGTGTGCTCTTCCGATCTAAAACTGAATTTCTGTGCCATCTGC,/5Phos/CCTGAGCTTTTTTCACTTAACCGACACGCGGTTAGCACGTANNAGTAGGCTCGGTCCTAGCAA,,321,320,KIF20B
LATS1,CCAATCACACAACTGTGTGTATCCT,GTTCGTAGCAACACTTCAGGTGCAA,0bp_control,GTGACTGGAGTTCAGACGTGTGCTCTTCCGATCTCCAATCACACAACTGTGTGTATCCT,/5Phos/GTTCGTAGCAACACTTCAGGTGCAAACGCGGTTAGCACGTANNAGTAGGCTCGGTCCTAGCAA,,2775,2774,LATS1
LMTK2,CTCCAGGAGGCTGTCCTGACTGGTT,GAGTCCGAGGAGAGGGCAGACACCA,0bp_control,GTGACTGGAGTTCAGACGTGTGCTCTTCCGATCTCTCCAGGAGGCTGTCCTGACTGGTT,/5Phos/GAGTCCGAGGAGAGGGCAGACACCAACGCGGTTAGCACGTANNAGTAGGCTCGGTCCTAGCAA,,2916,2915,LMTK2
MADD,GTCAATCTCCACCTCGCTGGCATCC,CCCAGTGCTGCATGTGTCAGAGGGT,0bp_control,GTGACTGGAGTTCAGACGTGTGCTCTTCCGATCTGTCAATCTCCACCTCGCTGGCATCC,/5Phos/CCCAGTGCTGCATGTGTCAGAGGGTACGCGGTTAGCACGTANNAGTAGGCTCGGTCCTAGCAA,,1998,1997,MADD
MFSD12,TGGCCACCACGGTGAACGCATACCT,GAGTGCCGTGAGCTCCACCTTCTCA,0bp_control,GTGACTGGAGTTCAGACGTGTGCTCTTCCGATCTTGGCCACCACGGTGAACGCATACCT,/5Phos/GAGTGCCGTGAGCTCCACCTTCTCAACGCGGTTAGCACGTANNAGTAGGCTCGGTCCTAGCAA,,508,507,MFSD12
MGA,GTACTCTTAGTGGGAAGCTGGTACA,CCACAGGAGATGTGGGAGCATTAGA,0bp_control,GTGACTGGAGTTCAGACGTGTGCTCTTCCGATCTGTACTCTTAGTGGGAAGCTGGTACA,/5Phos/CCACAGGAGATGTGGGAGCATTAGAACGCGGTTAGCACGTANNAGTAGGCTCGGTCCTAGCAA,,2561,2560,MGA
MKI67,GCTTGTTGGAGTGTCCACTGATTCT,GGTGGTGGAGATTTGCAGGCTATTT,0bp_control,GTGACTGGAGTTCAGACGTGTGCTCTTCCGATCTGCTTGTTGGAGTGTCCACTGATTCT,/5Phos/GGTGGTGGAGATTTGCAGGCTATTTACGCGGTTAGCACGTANNAGTAGGCTCGGTCCTAGCAA,,"[5244, 6324]","[2321, 3401]",MKI67
MON1A,TGAGAATGAAGAGGCGGTCTTCCTC,TTTGCGGATCCAGCGCATCAGCTTA,0bp_control,GTGACTGGAGTTCAGACGTGTGCTCTTCCGATCTTGAGAATGAAGAGGCGGTCTTCCTC,/5Phos/TTTGCGGATCCAGCGCATCAGCTTAACGCGGTTAGCACGTANNAGTAGGCTCGGTCCTAGCAA,,"[1627, 1141]","[1626, 1140]",MON1A
NCBP1,ACACAGGATGCTGTCAAAGGCAAGA,TAAGGTCTTAGGATGTGCCGTTCCT,0bp_control,GTGACTGGAGTTCAGACGTGTGCTCTTCCGATCTACACAGGATGCTGTCAAAGGCAAGA,/5Phos/TAAGGTCTTAGGATGTGCCGTTCCTACGCGGTTAGCACGTANNAGTAGGCTCGGTCCTAGCAA,,759,758,NCBP1
PARP9,CATTGGCTGCATTCACCACAGCATC,AACAGCATGTGTGGTGAGGTCATCT,0bp_control,GTGACTGGAGTTCAGACGTGTGCTCTTCCGATCTCATTGGCTGCATTCACCACAGCATC,/5Phos/AACAGCATGTGTGGTGAGGTCATCTACGCGGTTAGCACGTANNAGTAGGCTCGGTCCTAGCAA,,"[292, 397]","[291, 396]",PARP9
QSOX2,TTGTCGCGGCCATAGTGCTGCTTCA,AGAATGTGAGCACGTGGCCTTCATC,0bp_control,GTGACTGGAGTTCAGACGTGTGCTCTTCCGATCTTTGTCGCGGCCATAGTGCTGCTTCA,/5Phos/AGAATGTGAGCACGTGGCCTTCATCACGCGGTTAGCACGTANNAGTAGGCTCGGTCCTAGCAA,,1673,1672,QSOX2
SACS,CCTTCCTCACAGGTGTTGTGCCAGA,GGCAGCTGTGAGCTGAACAGCAGCA,0bp_control,GTGACTGGAGTTCAGACGTGTGCTCTTCCGATCTCCTTCCTCACAGGTGTTGTGCCAGA,/5Phos/GGCAGCTGTGAGCTGAACAGCAGCAACGCGGTTAGCACGTANNAGTAGGCTCGGTCCTAGCAA,,1852,1851,SACS
SBNO1,ACATACTCAGGAGCAGTAACTTGGT,TTGATCTATGAGTACGTCCGAACTG,0bp_control,GTGACTGGAGTTCAGACGTGTGCTCTTCCGATCTACATACTCAGGAGCAGTAACTTGGT,/5Phos/TTGATCTATGAGTACGTCCGAACTGACGCGGTTAGCACGTANNAGTAGGCTCGGTCCTAGCAA,,"[2951, 2954]","[2950, 2953]",SBNO1
SETD5,TAGAATGTAGGTGTTGTTCAAGCGC,GTTCTGTACATCTGCACTGTACTGA,0bp_control,GTGACTGGAGTTCAGACGTGTGCTCTTCCGATCTTAGAATGTAGGTGTTGTTCAAGCGC,/5Phos/GTTCTGTACATCTGCACTGTACTGAACGCGGTTAGCACGTANNAGTAGGCTCGGTCCTAGCAA,,"[694, 751]","[693, 750]",SETD5
SLC23A2,CTGGCGACCACGGCACTGAGCATGC,CGATGACACCGGCCGCAGACACGGT,0bp_control,GTGACTGGAGTTCAGACGTGTGCTCTTCCGATCTCTGGCGACCACGGCACTGAGCATGC,/5Phos/CGATGACACCGGCCGCAGACACGGTACGCGGTTAGCACGTANNAGTAGGCTCGGTCCTAGCAA,,1145,1144,SLC23A2
SLC39A11,AGCCAAGACTTCCATCTAAGATCCG,CCTCTGTCCACTAGAGAATACGAAC,0bp_control,GTGACTGGAGTTCAGACGTGTGCTCTTCCGATCTAGCCAAGACTTCCATCTAAGATCCG,/5Phos/CCTCTGTCCACTAGAGAATACGAACACGCGGTTAGCACGTANNAGTAGGCTCGGTCCTAGCAA,,112,111,SLC39A11
SPN,GAGAGCTAGCTGCCGTGGTAACAGG,GGCTCCACTGGTCCTACTGGAGGTT,0bp_control,GTGACTGGAGTTCAGACGTGTGCTCTTCCGATCTGAGAGCTAGCTGCCGTGGTAACAGG,/5Phos/GGCTCCACTGGTCCTACTGGAGGTTACGCGGTTAGCACGTANNAGTAGGCTCGGTCCTAGCAA,,448,447,SPN
TAF1B,GTCCATGGAAACACGTTCTATCAGT,GTCCTCTTCAGTCCAGTTGAACTGA,0bp_control,GTGACTGGAGTTCAGACGTGTGCTCTTCCGATCTGTCCATGGAAACACGTTCTATCAGT,/5Phos/GTCCTCTTCAGTCCAGTTGAACTGAACGCGGTTAGCACGTANNAGTAGGCTCGGTCCTAGCAA,,1450,1449,TAF1B
TP53,CTCTGGCATTCTGGGAGCTTCATCT,GGACCTGGGTCTTCAGTGAACCATT,0bp_control,GTGACTGGAGTTCAGACGTGTGCTCTTCCGATCTCTCTGGCATTCTGGGAGCTTCATCT,/5Phos/GGACCTGGGTCTTCAGTGAACCATTACGCGGTTAGCACGTANNAGTAGGCTCGGTCCTAGCAA,,"[180, 63]","[179, 62]",TP53
TTF2,TTGACAGAGCCATCGATGGTGGCAT,AAGTCAGTCCATGCTTCTTCAGGTG,0bp_control,GTGACTGGAGTTCAGACGTGTGCTCTTCCGATCTTTGACAGAGCCATCGATGGTGGCAT,/5Phos/AAGTCAGTCCATGCTTCTTCAGGTGACGCGGTTAGCACGTANNAGTAGGCTCGGTCCTAGCAA,,3107,3106,TTF2
ZKSCAN5,GTCTCAAACGTTGGCGGGTTGTACT,CCTGCATCCAGGTGCAGTCTTCTTC,0bp_control,GTGACTGGAGTTCAGACGTGTGCTCTTCCGATCTGTCTCAAACGTTGGCGGGTTGTACT,/5Phos/CCTGCATCCAGGTGCAGTCTTCTTCACGCGGTTAGCACGTANNAGTAGGCTCGGTCCTAGCAA,,119,118,ZKSCAN5
ZNF609,TTGGGAGCAATAGCAGCAACCAGGC,CTCCAGCATTGGCACCATCTCCTGA,0bp_control,GTGACTGGAGTTCAGACGTGTGCTCTTCCGATCTTTGGGAGCAATAGCAGCAACCAGGC,/5Phos/CTCCAGCATTGGCACCATCTCCTGAACGCGGTTAGCACGTANNAGTAGGCTCGGTCCTAGCAA,,398,397,ZNF609
