probe_idx,gapfill,CATCCTAC,CCTGGCCC,CAGG,CTGG,CTGGT,CCGGT,TAC,"['TACGGGGACACTTCTTCACGCAGGTGGCACCAAAGCTGTATTTGCCCTCGGGGTTCACATCCATCTGGTACGTGGTGGGGTTGTAGAGCATGAGTGGGGGGCAGGTGTCCTTGCACGTGGCTTCGTCTCGGAATTTGCGGCAGACCAGGCAGTCGCTCTCCCGGGGGCCTGTGCAGCCTGCAGCACACTGGTTGTGGCAGCAGTCACTGGGGGACTTGCCACGGCAGCGCCCGGAGCACTGCTGGGCACAGATGATTTTGGTCAGTTTCTGGCAGTTCTCCTCTCCTGCACCCCAGCAGCTCCCATTGGGACAGCTTGGATCACACTTTTGGCAGCTGCCCAGGTGGTTCTGGAAGTCCATCGACATGTTGCTGAGAAAGTCACTGCTGACTATGTCCCGCCACTGGATGCTCTCCACGTTGCACAGGGCAGGGTTGTTGCTGAACCGCACGGCGCCATGCAGGATTTCCTGTAAATTTCTCATGGGCAGCTCCTTCAGTCCGGTTTTATTTGCATCATAGTTAGATAAGACTGCTAAGGCATAGGAATTTTCGTAGTACATATTTCCTCTGATGATCTGCAGGTTTTCCAAAGGAATTCGCTCCACTGTGTTGAGGGCAATGAGGACATAACCAGCCACCTCCTGGATGGTCTTTAAGAAGGAAAGATCATAATTCCTCTGCACATAGGTAATTTCCAAATTCCCAAGGACCACCTCACAGTTATTGAACATCCTCTGGAGGCTGAGAAAATGATCTTCAAAAGTGCCCAACTGCGTGAGCTTGTTACTCGTGCCTTGGCAAA', 'TACGGGGACACTTCTTCACGCAGGTGGCACCAAAGCTGTATTTGCCCTCGGGGTTCACATCCATCTGGTACGTGGTGGGGTTGTAGAGCATGAGTGGGGGGCAGGTGTCCTTGCACGTGGCTTCGTCTCGGAATTTGCGGCAGACCAGGCAGTCGCTCTCCCGGGGGCCTGTGCAGCCTGCAGCACACTGGTTGTGGCAGCAGTCACTGGGGGACTTGCCACGGCAGCGCCCGGAGCACTGCTGGGCACAGATGATTTTGGTCAGTTTCTGGCAGTTCTCCTCTCCTGCACCCCAGCAGCTCCCATTGGGACAGCTTGGATCACACTTTTGGCCCTGTAAATTTCTCATGGGCAGCTCCTTCAGTCCGGTTTTATTTGCATCATAGTTAGATAAGACTGCTAAGGCATAGGAATTTTCGTAGTACATATTTCCTCTGATGATCTGCAGGTTTTCCAAAGGAATTCGCTCCACTGTGTTGAGGGCAATGAGGACATAACCAGCCACCTCCTGGATGGTCTTTAAGAAGGAAAGATCATAATTCCTCTGCACATAGGTAATTTCCAAATTCCCAAGGACCACCTCACAGTTATTGAACATCCTCTGGAGGCTGAGAAAATGATCTTCAAAAGTGCCCAACTGCGTGAGCTTGTTACTCGTGCCTTGGCAAA']",CTT,CCT
2,CATCCTAC,0.9810645848898527,1e-09,,,,,,,,
3,CTGG,,,0.002472125039396936,0.9810645848898527,,,,,,
2,CCTGGCCC,1e-09,0.9810645848898527,,,,,,,,
2,CCTGACCC,1e-09,0.002472125039396936,,,,,,,,
0,CCGGT,,,,,0.002472125039396936,0.9810645848898527,,,,
383,TAC,,,,,,,0.9810645848898527,1e-09,,
2,CCTTGCCC,1e-09,0.002472125039396936,,,,,,,,
0,CTGGT,,,,,0.9810645848898527,0.002472125039396936,,,,
2,CACCCTAC,0.002472125039396936,1e-09,,,,,,,,
1,CTT,,,,,,,,,0.9810646330903435,0.0024834679382593314
2,CCGGCCC,1e-09,8.265261159537971e-06,,,,,,,,
2,ACCTGGCCC,1e-09,0.0018679153724242465,,,,,,,,
383,TAG,,,,,,,0.002472125039396936,1e-09,,
3,CAGG,,,0.9810645848898527,0.002472125039396936,,,,,,
2,CCTGCC,1e-09,1.306216165525791e-06,,,,,,,,
2,CCTGCCC,1e-09,1.0416487296041751e-05,,,,,,,,
2,CCTGGCAC,1e-09,0.002472125039396936,,,,,,,,
1,CCT,,,,,,,,,0.002480055141173112,0.9810646330903435
3,CAGA,,,0.002472125039396936,1e-09,,,,,,
2,CCTGGACC,1e-09,0.002472125039396936,,,,,,,,
2,CCTGGCC,1e-09,0.004165039873879004,,,,,,,,
2,CGTGGCC,1e-09,1.0416487296041751e-05,,,,,,,,
2,CATCCAAC,0.002472125039396936,1e-09,,,,,,,,
2,CATCCTCC,0.002472125039396936,1e-09,,,,,,,,
2,CACCTAC,1e-09,1e-09,,,,,,,,
3,CTAG,,,1.983265632723127e-08,0.002472125039396936,,,,,,
2,CCTGTCCC,1e-09,0.002472125039396936,,,,,,,,
2,CCTGGCGC,1e-09,0.002472125039396936,,,,,,,,
2,CCTGGCCCA,1e-09,0.0033671867419323145,,,,,,,,
383,TAA,,,,,,,0.0024721448720532633,1e-09,,
3,ATGG,,,2.836783451736667e-08,0.002472125039396936,,,,,,
2,CATGGCCC,1e-09,0.002472125039396936,,,,,,,,
2,CCTGGTCC,1e-09,0.002472125039396936,,,,,,,,
2,CCTAGCCC,1e-09,0.002472125039396936,,,,,,,,
2,CTTGGCCC,1e-09,0.002472125039396936,,,,,,,,
1,CTTT,,,,,,,,,0.0033718935883874468,8.48476928559279e-06
2,CCAGGCCC,1e-09,0.002472125039396936,,,,,,,,
2,TCTGGCCC,1e-09,0.002472125039396936,,,,,,,,
2,CATGCTAC,0.002472125039396936,1e-09,,,,,,,,
3,ACTGG,,,4.706846455132084e-06,0.0018679153724242465,,,,,,
2,CTTCCTAC,0.002472125039396936,1e-09,,,,,,,,
2,CCTGTTCC,1e-09,1e-09,,,,,,,,
0,GCCGGT,,,,,4.706846455132084e-06,0.0018679153724242465,,,,
2,CATCCCAC,0.002472125039396936,1e-09,,,,,,,,
3,CTGA,,,1e-09,0.002472125039396936,,,,,,
3,CGGG,,,0.0024721534072314534,0.0024721534072314534,,,,,,
3,CTG,,,1.0416487296041751e-05,0.004165039873879003,,,,,,
2,CCTGGGCC,1e-09,0.002472125039396936,,,,,,,,
2,CCTGGCCCC,1e-09,0.0033671867419323145,,,,,,,,
3,TTGG,,,1e-09,0.0024721534072314534,,,,,,
2,CATACTAC,0.002472125039396936,1e-09,,,,,,,,
3,GTCACTGG,,,1e-09,1e-09,,,,,,
2,CGTACTAC,1e-09,1e-09,,,,,,,,
3,CCGG,,,0.0024721448720532633,0.0024721448720532633,,,,,,
3,ACAGG,,,0.0018679153724242465,4.706846455132084e-06,,,,,,
2,CCGGGCCC,1e-09,0.002472125039396936,,,,,,,,
2,CCTGCCA,1e-09,1e-09,,,,,,,,
2,CCTCCTAC,0.002472125039396936,1e-09,,,,,,,,
2,CGTCCTAC,0.002472125039396936,1e-09,,,,,,,,
2,CCTGGCCG,1e-09,0.002472125039396936,,,,,,,,
2,CATCCAC,1e-09,1e-09,,,,,,,,
2,CCTGGCCN,1e-09,0.002472125039396936,,,,,,,,
0,ACGGT,,,,,1e-09,0.002472125039396936,,,,
2,CCTGGAAC,1e-09,1e-09,,,,,,,,
0,CCGG,,,,,1.041897428955153e-05,0.004165042360872512,,,,
2,CCTGTGCCATCCAA,1e-09,1e-09,,,,,,,,
0,CCGGTG,,,,,8.48476928559279e-06,0.0033671867419323145,,,,
3,CTGGG,,,8.48476928559279e-06,0.0033671867419323145,,,,,,
2,CCTGCCCC,1e-09,0.002472125039396936,,,,,,,,
2,TATCCTTAC,1e-09,1e-09,,,,,,,,
2,CATCTAC,1e-09,1e-09,,,,,,,,
3,CT,,,1.306216165525791e-06,0.000526210113814988,,,,,,
2,TCCTAC,0.0002936088769481265,1e-09,,,,,,,,
2,CAGCCTAC,0.002472125039396936,1e-09,,,,,,,,
2,CCTTCTAC,1e-09,1e-09,,,,,,,,
0,CCAGT,,,,,1e-09,0.002472125039396936,,,,
3,CTGT,,,1e-09,0.002472125039396936,,,,,,
2,CCTGGCCA,1e-09,0.002472125039396936,,,,,,,,
2,CCTGCTAC,1e-09,1e-09,,,,,,,,
0,CCGAT,,,,,1e-09,0.002472125039396936,,,,
2,CATCCTAA,0.002472125039396936,1e-09,,,,,,,,
2,CCTCGCCC,1e-09,0.002472125039396936,,,,,,,,
383,TC,,,,,,,1.868673691534836e-05,1e-09,,
2,CACCCCAC,1e-09,1e-09,,,,,,,,
2,CAACCTAC,0.002472125039396936,1e-09,,,,,,,,
2,CATCCTACA,0.0033671867419323145,1e-09,,,,,,,,
3,CTCG,,,1e-09,0.002472125039396936,,,,,,
2,CCTGGCTC,1e-09,0.002472125039396936,,,,,,,,
2,CATCCTGC,0.002472125039396936,1e-09,,,,,,,,
3,CAGC,,,0.002472125039396936,1e-09,,,,,,
2,CAGGGCCC,1e-09,1e-09,,,,,,,,
2,CCTCCCAC,1e-09,1e-09,,,,,,,,
3,CAAG,,,0.0024721448720532633,1e-09,,,,,,
1,GCCT,,,,,,,,,4.706846455132084e-06,0.0018679153724242465
2,CATTCTAC,0.002472125039396936,1e-09,,,,,,,,
2,CATCATAC,0.002472125039396936,1e-09,,,,,,,,
2,CGTGGCCC,1e-09,0.002472125039396936,,,,,,,,
1,CCTT,,,,,,,,,0.0018764001417098392,0.0033718935883874468
2,CCTGGCCT,1e-09,0.002472125039396936,,,,,,,,
